Mean data for USA Province= 5: California, from 1982 to 2023, weekly
for cropland area only
year,week, SMN,SMT,VCI,TCI, VHI

1982, 1, 0.215,281.70, 53.42, 55.53, 54.48,
1982, 2, 0.219,281.85, 54.43, 55.13, 54.78,
1982, 3, 0.224,282.25, 55.33, 55.38, 55.35,
1982, 4, 0.229,282.95, 55.92, 54.84, 55.38,
1982, 5, 0.236,283.82, 56.73, 52.53, 54.63,
1982, 6, 0.241,284.60, 57.05, 52.63, 54.84,
1982, 7, 0.247,285.30, 57.27, 54.45, 55.86,
1982, 8, 0.254,286.32, 57.84, 54.57, 56.21,
1982, 9, 0.258,287.09, 57.26, 58.28, 57.77,
1982,10, 0.261,287.64, 55.51, 63.16, 59.33,
1982,11, 0.264,288.27, 53.33, 66.92, 60.13,
1982,12, 0.267,288.84, 51.84, 70.06, 60.95,
1982,13, 0.271,289.75, 51.11, 71.87, 61.49,
1982,14, 0.280,291.23, 53.44, 70.48, 61.96,
1982,15, 0.288,292.81, 56.20, 67.57, 61.88,
1982,16, 0.297,294.59, 58.97, 63.85, 61.41,
1982,17, 0.303,296.26, 59.71, 61.55, 60.63,
1982,18, 0.305,297.94, 59.57, 58.67, 59.12,
1982,19, 0.302,298.99, 56.89, 59.71, 58.30,
1982,20, 0.300,299.91, 55.64, 61.75, 58.69,
1982,21, 0.301,301.09, 55.59, 60.97, 58.28,
1982,22, 0.300,302.07, 53.98, 62.55, 58.27,
1982,23, 0.297,302.69, 50.02, 66.78, 58.40,
1982,24, 0.292,303.13, 45.72, 71.93, 58.82,
1982,25, 0.291,303.60, 44.00, 76.08, 60.04,
1982,26, 0.292,304.12, 44.07, 77.68, 60.87,
1982,27, 0.294,304.68, 45.76, 76.94, 61.35,
1982,28, 0.298,305.22, 48.61, 74.96, 61.79,
1982,29, 0.302,305.70, 51.82, 72.72, 62.27,
1982,30, 0.302,305.82, 52.61, 71.66, 62.14,
1982,31, 0.300,305.65, 51.72, 71.39, 61.55,
1982,32, 0.298,305.18, 51.43, 72.86, 62.15,
1982,33, 0.296,304.70, 52.60, 73.49, 63.05,
1982,34, 0.294,304.29, 53.29, 72.50, 62.90,
1982,35, 0.291,303.57, 53.89, 72.81, 63.35,
1982,36, 0.286,302.46, 53.44, 75.45, 64.44,
1982,37, 0.284,301.46, 55.87, 76.36, 66.12,
1982,38, 0.283,300.57, 59.18, 73.21, 66.20,
1982,39, 0.278,299.34, 59.64, 71.07, 65.36,
1982,40, 0.272,297.95, 58.30, 69.91, 64.10,
1982,41, 0.263,296.44, 55.37, 69.23, 62.30,
1982,42, 0.253,294.99, 51.87, 65.31, 58.59,
1982,43, 0.243,293.42, 49.64, 62.10, 55.87,
1982,44, 0.230,291.55, 46.16, 60.09, 53.12,
1982,45, 0.221,289.50, 45.12, 59.80, 52.46,
1982,46, 0.213,287.67, 44.57, 58.82, 51.69,
1982,47, 0.207,286.22, 43.80, 56.40, 50.10,
1982,48, 0.202,284.83, 43.31, 54.38, 48.85,
1982,49, 0.197,283.28, 42.10, 54.50, 48.30,
1982,50, 0.199,282.49, 41.79, 57.79, 49.79,
1982,51, 0.200,282.07, 42.82, 56.31, 49.56,
1982,52, 0.198,281.72, 42.04, 56.19, 49.11,
1983, 1, 0.197,281.56, 40.89, 59.31, 50.10,
1983, 2, 0.189,280.95, 37.22, 65.86, 51.54,
1983, 3, 0.185,280.88, 34.64, 68.97, 51.80,
1983, 4, 0.185,281.14, 33.81, 70.11, 51.96,
1983, 5, 0.184,281.10, 31.80, 74.20, 53.00,
1983, 6, 0.187,281.31, 31.28, 77.18, 54.23,
1983, 7, 0.192,281.87, 31.29, 78.76, 55.02,
1983, 8, 0.197,282.72, 30.96, 79.25, 55.10,
1983, 9, 0.204,283.65, 31.20, 81.50, 56.35,
1983,10, 0.212,284.35, 31.79, 84.74, 58.27,
1983,11, 0.226,285.51, 34.92, 85.02, 59.97,
1983,12, 0.241,286.73, 38.79, 83.76, 61.28,
1983,13, 0.250,287.87, 41.26, 83.86, 62.56,
1983,14, 0.257,289.16, 42.32, 83.68, 63.00,
1983,15, 0.257,289.81, 40.80, 86.74, 63.77,
1983,16, 0.260,290.91, 41.14, 87.90, 64.52,
1983,17, 0.268,292.55, 43.98, 86.50, 65.24,
1983,18, 0.277,294.31, 47.24, 84.60, 65.92,
1983,19, 0.285,296.16, 50.81, 80.27, 65.54,
1983,20, 0.293,298.05, 55.21, 74.29, 64.75,
1983,21, 0.298,299.70, 57.17, 70.05, 63.61,
1983,22, 0.299,301.00, 56.89, 69.72, 63.30,
1983,23, 0.299,301.78, 55.62, 73.90, 64.76,
1983,24, 0.302,302.53, 56.28, 77.19, 66.73,
1983,25, 0.306,303.24, 58.28, 79.35, 68.81,
1983,26, 0.308,303.72, 59.27, 81.51, 70.39,
1983,27, 0.309,304.27, 60.29, 81.45, 70.87,
1983,28, 0.309,304.67, 61.17, 81.24, 71.21,
1983,29, 0.308,305.01, 61.19, 79.92, 70.55,
1983,30, 0.305,305.28, 60.20, 77.64, 68.92,
1983,31, 0.301,305.08, 57.58, 77.57, 67.57,
1983,32, 0.295,304.46, 54.19, 80.12, 67.15,
1983,33, 0.291,303.89, 52.72, 81.20, 66.96,
1983,34, 0.290,303.48, 54.07, 80.80, 67.43,
1983,35, 0.288,302.94, 55.02, 79.87, 67.44,
1983,36, 0.284,302.24, 55.24, 78.37, 66.81,
1983,37, 0.278,301.15, 53.60, 79.83, 66.71,
1983,38, 0.269,299.56, 50.48, 82.92, 66.70,
1983,39, 0.259,297.79, 46.98, 85.61, 66.30,
1983,40, 0.249,296.12, 43.85, 87.01, 65.43,
1983,41, 0.241,294.62, 42.73, 85.92, 64.33,
1983,42, 0.232,293.15, 41.19, 81.97, 61.58,
1983,43, 0.220,291.34, 39.23, 81.03, 60.13,
1983,44, 0.208,289.20, 38.37, 80.81, 59.59,
1983,45, 0.195,286.83, 37.52, 82.39, 59.96,
1983,46, 0.186,284.78, 37.88, 82.24, 60.06,
1983,47, 0.182,283.19, 39.54, 80.43, 59.98,
1983,48, 0.178,281.88, 40.06, 77.09, 58.57,
1983,49, 0.179,281.27, 41.40, 69.94, 55.67,
1983,50, 0.180,281.03, 39.87, 69.63, 54.75,
1983,51, 0.184,281.02, 41.48, 64.79, 53.14,
1983,52, 0.192,281.34, 44.49, 59.53, 52.01,
1984, 1, 0.204,282.02, 49.39, 55.14, 52.27,
1984, 2, 0.218,283.27, 55.74, 45.08, 50.41,
1984, 3, 0.228,284.51, 59.13, 37.74, 48.43,
1984, 4, 0.233,285.36, 59.55, 35.62, 47.58,
1984, 5, 0.239,286.41, 60.27, 31.92, 46.09,
1984, 6, 0.245,287.65, 61.05, 28.00, 44.52,
1984, 7, 0.250,288.78, 61.11, 26.14, 43.63,
1984, 8, 0.257,290.02, 61.63, 24.17, 42.90,
1984, 9, 0.266,291.17, 62.91, 24.18, 43.54,
1984,10, 0.276,292.47, 64.96, 24.17, 44.56,
1984,11, 0.284,293.63, 65.37, 24.63, 45.00,
1984,12, 0.290,294.27, 64.77, 28.27, 46.52,
1984,13, 0.294,294.56, 63.79, 35.54, 49.67,
1984,14, 0.299,295.19, 63.69, 40.45, 52.07,
1984,15, 0.303,296.11, 63.90, 42.74, 53.32,
1984,16, 0.304,296.94, 62.83, 45.93, 54.38,
1984,17, 0.305,297.86, 61.62, 49.20, 55.41,
1984,18, 0.307,299.15, 61.73, 49.73, 55.73,
1984,19, 0.310,300.46, 62.54, 48.79, 55.67,
1984,20, 0.310,301.42, 62.70, 50.70, 56.70,
1984,21, 0.311,302.30, 62.91, 52.22, 57.57,
1984,22, 0.312,302.79, 62.72, 57.62, 60.17,
1984,23, 0.313,303.34, 62.13, 62.28, 62.21,
1984,24, 0.313,304.18, 61.20, 63.40, 62.30,
1984,25, 0.313,304.79, 60.31, 65.03, 62.67,
1984,26, 0.312,304.95, 58.50, 67.73, 63.12,
1984,27, 0.309,304.84, 56.50, 70.30, 63.40,
1984,28, 0.309,304.80, 56.57, 71.68, 64.12,
1984,29, 0.308,304.53, 57.22, 75.76, 66.49,
1984,30, 0.307,304.17, 58.10, 79.56, 68.83,
1984,31, 0.306,303.83, 59.02, 81.29, 70.16,
1984,32, 0.306,303.72, 61.19, 80.74, 70.96,
1984,33, 0.303,303.56, 61.62, 80.08, 70.85,
1984,34, 0.300,303.26, 61.48, 80.36, 70.92,
1984,35, 0.295,302.52, 61.06, 81.83, 71.45,
1984,36, 0.291,301.87, 61.09, 81.06, 71.07,
1984,37, 0.286,301.55, 61.24, 75.96, 68.60,
1984,38, 0.278,300.65, 58.56, 72.78, 65.67,
1984,39, 0.268,299.16, 54.75, 72.51, 63.63,
1984,40, 0.259,297.56, 51.54, 72.81, 62.18,
1984,41, 0.250,295.86, 48.99, 73.32, 61.16,
1984,42, 0.238,293.93, 45.58, 73.84, 59.71,
1984,43, 0.224,291.92, 41.65, 74.76, 58.20,
1984,44, 0.206,289.87, 36.92, 74.11, 55.52,
1984,45, 0.190,288.19, 34.40, 70.53, 52.46,
1984,46, 0.174,286.23, 30.96, 69.76, 50.36,
1984,47, 0.162,284.35, 28.44, 69.48, 48.96,
1984,48, 0.155,282.75, 27.60, 67.18, 47.39,
1984,49, 0.148,281.71, 26.32, 59.99, 43.16,
1984,50,-1.000, -1.00, -1.00, -1.00, -1.00,
1984,51,-1.000, -1.00, -1.00, -1.00, -1.00,
1984,52,-1.000, -1.00, -1.00, -1.00, -1.00,
1985, 1,-1.000, -1.00, -1.00, -1.00, -1.00,
1985, 2,-1.000, -1.00, -1.00, -1.00, -1.00,
1985, 3,-1.000, -1.00, -1.00, -1.00, -1.00,
1985, 4,-1.000, -1.00, -1.00, -1.00, -1.00,
1985, 5,-1.000, -1.00, -1.00, -1.00, -1.00,
1985, 6,-1.000, -1.00, -1.00, -1.00, -1.00,
1985, 7,-1.000, -1.00, -1.00, -1.00, -1.00,
1985, 8,-1.000, -1.00, -1.00, -1.00, -1.00,
1985, 9, 0.274,291.95, 62.83, 24.01, 43.42,
1985,10, 0.271,292.04, 58.90, 30.12, 44.51,
1985,11, 0.279,293.06, 59.29, 31.03, 45.16,
1985,12, 0.286,294.31, 59.67, 29.92, 44.80,
1985,13, 0.293,295.74, 60.34, 28.34, 44.34,
1985,14, 0.298,297.12, 60.42, 27.13, 43.78,
1985,15, 0.302,298.44, 60.66, 25.98, 43.32,
1985,16, 0.304,299.67, 60.53, 25.89, 43.21,
1985,17, 0.306,300.95, 60.04, 25.94, 42.99,
1985,18, 0.309,302.04, 60.21, 27.22, 43.72,
1985,19, 0.309,303.04, 59.95, 28.09, 44.02,
1985,20, 0.308,304.21, 59.64, 28.61, 44.12,
1985,21, 0.307,305.50, 58.60, 26.19, 42.39,
1985,22, 0.306,306.50, 56.81, 26.32, 41.57,
1985,23, 0.305,307.59, 55.23, 25.91, 40.57,
1985,24, 0.305,308.74, 54.05, 23.93, 38.99,
1985,25, 0.304,309.60, 52.75, 23.18, 37.97,
1985,26, 0.302,310.13, 51.30, 24.04, 37.67,
1985,27, 0.299,310.39, 49.15, 25.18, 37.16,
1985,28, 0.295,310.29, 47.07, 28.15, 37.61,
1985,29, 0.292,310.04, 46.07, 31.95, 39.01,
1985,30, 0.292,309.77, 46.91, 34.73, 40.82,
1985,31, 0.292,309.38, 49.04, 37.30, 43.17,
1985,32, 0.291,308.86, 50.33, 39.74, 45.03,
1985,33, 0.289,308.31, 50.67, 41.03, 45.85,
1985,34, 0.287,307.40, 50.28, 45.37, 47.83,
1985,35, 0.283,306.21, 49.72, 50.37, 50.04,
1985,36, 0.278,305.07, 48.73, 52.68, 50.70,
1985,37, 0.274,303.87, 48.06, 54.34, 51.20,
1985,38, 0.270,302.71, 48.22, 53.09, 50.66,
1985,39, 0.267,301.33, 48.85, 52.54, 50.69,
1985,40, 0.262,299.75, 48.14, 53.29, 50.72,
1985,41, 0.254,297.84, 46.17, 56.54, 51.36,
1985,42, 0.246,295.75, 43.98, 58.96, 51.47,
1985,43, 0.239,293.81, 44.33, 59.35, 51.84,
1985,44, 0.230,291.81, 43.36, 58.77, 51.07,
1985,45, 0.217,289.52, 40.08, 60.85, 50.46,
1985,46, 0.204,287.13, 36.98, 64.41, 50.70,
1985,47, 0.196,285.31, 35.83, 64.61, 50.22,
1985,48, 0.190,284.19, 35.11, 60.15, 47.63,
1985,49, 0.187,283.83, 35.05, 50.82, 42.93,
1985,50, 0.186,283.80, 33.97, 46.97, 40.47,
1985,51, 0.189,284.01, 35.82, 39.96, 37.89,
1985,52, 0.190,284.05, 36.67, 36.73, 36.70,
1986, 1, 0.190,284.31, 36.53, 32.68, 34.61,
1986, 2, 0.195,284.97, 38.98, 28.28, 33.63,
1986, 3, 0.199,285.09, 40.51, 31.31, 35.91,
1986, 4, 0.207,285.20, 42.77, 36.44, 39.60,
1986, 5, 0.215,285.52, 44.39, 39.45, 41.92,
1986, 6, 0.225,286.36, 46.32, 39.40, 42.86,
1986, 7, 0.235,287.20, 48.52, 39.95, 44.23,
1986, 8, 0.245,288.51, 50.14, 37.52, 43.83,
1986, 9, 0.254,290.03, 51.18, 35.12, 43.15,
1986,10, 0.264,291.59, 53.07, 32.80, 42.93,
1986,11, 0.271,292.65, 53.68, 33.94, 43.81,
1986,12, 0.282,293.46, 56.07, 36.02, 46.04,
1986,13, 0.291,294.31, 58.20, 38.50, 48.35,
1986,14, 0.298,295.48, 59.69, 38.52, 49.10,
1986,15, 0.305,296.77, 61.62, 37.55, 49.59,
1986,16, 0.306,297.49, 60.77, 41.37, 51.07,
1986,17, 0.307,298.34, 60.00, 44.82, 52.41,
1986,18, 0.308,299.69, 59.30, 44.36, 51.83,
1986,19, 0.306,301.17, 57.83, 41.70, 49.76,
1986,20, 0.305,302.44, 56.75, 41.25, 49.00,
1986,21, 0.305,303.75, 56.04, 39.17, 47.60,
1986,22, 0.304,305.16, 54.98, 36.73, 45.85,
1986,23, 0.304,306.22, 53.23, 37.21, 45.22,
1986,24, 0.303,306.96, 50.89, 39.70, 45.29,
1986,25, 0.303,307.54, 50.32, 42.19, 46.26,
1986,26, 0.303,308.15, 50.16, 42.84, 46.50,
1986,27, 0.301,308.63, 49.11, 42.44, 45.77,
1986,28, 0.299,308.88, 47.86, 42.24, 45.05,
1986,29, 0.297,309.20, 47.53, 40.66, 44.10,
1986,30, 0.295,309.36, 46.71, 39.24, 42.97,
1986,31, 0.291,309.30, 44.96, 38.12, 41.54,
1986,32, 0.287,308.92, 43.30, 38.34, 40.82,
1986,33, 0.284,308.19, 42.44, 40.90, 41.67,
1986,34, 0.280,307.25, 42.29, 45.16, 43.73,
1986,35, 0.276,305.91, 42.31, 52.08, 47.20,
1986,36, 0.272,304.14, 42.12, 61.64, 51.88,
1986,37, 0.268,302.31, 42.87, 70.64, 56.75,
1986,38, 0.266,300.48, 44.02, 75.95, 59.99,
1986,39, 0.261,299.01, 44.29, 75.66, 59.97,
1986,40, 0.256,297.71, 43.40, 73.16, 58.28,
1986,41, 0.251,296.51, 43.28, 69.22, 56.25,
1986,42, 0.245,295.46, 43.30, 61.59, 52.45,
1986,43, 0.238,294.31, 43.25, 54.37, 48.81,
1986,44, 0.231,293.07, 43.01, 46.68, 44.85,
1986,45, 0.224,291.86, 42.68, 39.36, 41.02,
1986,46, 0.217,290.59, 42.25, 34.84, 38.55,
1986,47, 0.211,289.33, 42.07, 32.00, 37.03,
1986,48, 0.205,287.93, 41.45, 30.93, 36.19,
1986,49, 0.197,286.41, 39.35, 31.02, 35.19,
1986,50, 0.191,285.16, 35.90, 34.82, 35.36,
1986,51, 0.189,284.26, 35.94, 37.55, 36.75,
1986,52, 0.189,283.66, 36.63, 39.87, 38.25,
1987, 1, 0.191,283.33, 38.85, 42.62, 40.73,
1987, 2, 0.195,283.47, 40.35, 42.80, 41.57,
1987, 3, 0.200,283.99, 41.63, 41.72, 41.67,
1987, 4, 0.208,284.79, 43.49, 40.08, 41.79,
1987, 5, 0.217,285.62, 45.57, 38.25, 41.91,
1987, 6, 0.225,286.45, 47.41, 38.06, 42.74,
1987, 7, 0.235,287.16, 49.17, 39.57, 44.37,
1987, 8, 0.244,287.96, 50.58, 40.89, 45.74,
1987, 9, 0.254,288.99, 52.57, 42.13, 47.35,
1987,10, 0.260,290.09, 52.24, 43.17, 47.70,
1987,11, 0.268,291.64, 52.14, 40.33, 46.23,
1987,12, 0.277,293.36, 53.41, 35.38, 44.40,
1987,13, 0.285,294.91, 54.60, 32.80, 43.70,
1987,14, 0.291,296.40, 55.48, 30.92, 43.20,
1987,15, 0.295,298.10, 55.00, 27.79, 41.39,
1987,16, 0.294,299.62, 52.81, 25.65, 39.23,
1987,17, 0.292,300.77, 49.98, 26.41, 38.19,
1987,18, 0.290,301.64, 47.54, 29.19, 38.36,
1987,19, 0.287,302.43, 45.11, 31.66, 38.38,
1987,20, 0.285,303.15, 44.35, 35.65, 40.00,
1987,21, 0.284,303.84, 43.53, 38.29, 40.91,
1987,22, 0.286,304.59, 44.03, 41.30, 42.66,
1987,23, 0.289,305.36, 44.35, 44.59, 44.47,
1987,24, 0.292,306.26, 44.87, 45.75, 45.31,
1987,25, 0.294,306.74, 45.43, 49.29, 47.36,
1987,26, 0.295,306.86, 46.37, 54.88, 50.63,
1987,27, 0.296,306.95, 47.48, 58.96, 53.22,
1987,28, 0.296,307.27, 48.09, 58.54, 53.32,
1987,29, 0.295,307.46, 47.68, 58.06, 52.87,
1987,30, 0.294,307.45, 47.59, 58.55, 53.07,
1987,31, 0.292,307.47, 47.69, 57.12, 52.41,
1987,32, 0.287,307.49, 45.21, 53.70, 49.45,
1987,33, 0.280,307.30, 41.80, 50.66, 46.23,
1987,34, 0.271,306.85, 37.40, 50.15, 43.78,
1987,35, 0.262,306.29, 33.25, 48.82, 41.04,
1987,36, 0.253,305.76, 30.10, 44.69, 37.40,
1987,37, 0.245,305.13, 27.12, 40.50, 33.81,
1987,38, 0.239,304.52, 25.62, 34.45, 30.03,
1987,39, 0.233,303.61, 25.10, 29.83, 27.47,
1987,40, 0.229,302.36, 25.32, 27.42, 26.37,
1987,41, 0.223,300.82, 24.86, 26.91, 25.89,
1987,42, 0.215,298.47, 24.24, 31.00, 27.62,
1987,43, 0.207,284.74, 53.72, 31.59, 42.65,
1987,44, 0.212,292.86, 33.30, 44.85, 39.08,
1987,45, 0.208,290.04, 36.68, 51.69, 44.18,
1987,46, 0.204,287.56, 39.66, 57.30, 48.48,
1987,47, 0.201,285.43, 41.88, 61.02, 51.45,
1987,48, 0.201,283.63, 44.71, 62.46, 53.59,
1987,49, 0.199,281.96, 45.49, 63.50, 54.49,
1987,50, 0.195,280.40, 42.49, 73.12, 57.80,
1987,51, 0.192,279.65, 41.91, 74.76, 58.33,
1987,52, 0.192,279.40, 42.63, 73.80, 58.22,
1988, 1, 0.196,279.56, 44.49, 71.53, 58.01,
1988, 2, 0.203,280.44, 47.00, 65.27, 56.13,
1988, 3, 0.213,281.64, 51.05, 58.75, 54.90,
1988, 4, 0.231,283.41, 57.55, 49.95, 53.75,
1988, 5, 0.247,285.39, 62.66, 39.63, 51.14,
1988, 6, 0.257,287.18, 65.58, 32.40, 48.99,
1988, 7, 0.268,288.72, 68.21, 27.80, 48.00,
1988, 8, 0.277,290.21, 70.36, 24.03, 47.19,
1988, 9, 0.287,291.37, 72.24, 24.38, 48.31,
1988,10, 0.295,292.48, 73.05, 25.81, 49.43,
1988,11, 0.303,293.58, 73.46, 26.83, 50.15,
1988,12, 0.306,294.62, 71.68, 27.48, 49.58,
1988,13, 0.306,295.62, 67.97, 28.97, 48.47,
1988,14, 0.302,296.14, 62.87, 34.08, 48.47,
1988,15, 0.295,296.35, 56.96, 41.72, 49.34,
1988,16, 0.289,296.41, 52.53, 50.75, 51.64,
1988,17, 0.288,297.03, 50.24, 56.28, 53.26,
1988,18, 0.288,298.02, 48.90, 58.97, 53.94,
1988,19, 0.290,299.28, 49.62, 58.38, 54.00,
1988,20, 0.293,300.42, 51.43, 58.62, 55.03,
1988,21, 0.294,301.48, 51.66, 58.86, 55.26,
1988,22, 0.293,302.28, 49.87, 62.12, 55.99,
1988,23, 0.293,303.08, 47.95, 65.19, 56.57,
1988,24, 0.295,303.91, 47.73, 66.85, 57.29,
1988,25, 0.298,304.93, 48.35, 65.58, 56.96,
1988,26, 0.300,305.99, 49.66, 61.93, 55.80,
1988,27, 0.300,306.65, 49.59, 59.09, 54.34,
1988,28, 0.297,306.83, 47.71, 58.50, 53.11,
1988,29, 0.292,306.94, 45.28, 59.02, 52.15,
1988,30, 0.289,307.01, 43.63, 58.65, 51.14,
1988,31, 0.285,306.59, 41.55, 60.06, 50.81,
1988,32, 0.280,306.06, 38.74, 61.13, 49.94,
1988,33, 0.275,305.69, 36.43, 59.88, 48.15,
1988,34, 0.269,305.39, 34.49, 58.69, 46.59,
1988,35, 0.263,305.09, 33.25, 55.06, 44.16,
1988,36, 0.257,304.66, 32.53, 51.20, 41.86,
1988,37, 0.251,304.03, 30.90, 49.15, 40.03,
1988,38, 0.244,303.59, 29.97, 43.18, 36.57,
1988,39, 0.237,303.09, 28.21, 36.06, 32.13,
1988,40, 0.225,302.19, 24.03, 32.17, 28.10,
1988,41, 0.224,301.62, 26.73, 23.92, 25.33,
1988,42, 0.215,300.23, 25.22, 20.22, 22.72,
1988,43, 0.207,298.12, 25.71, 20.58, 23.14,
1988,44, 0.199,295.25, 27.23, 26.36, 26.79,
1988,45, 0.194,292.37, 30.77, 33.53, 32.15,
1988,46, 0.195,290.27, 36.69, 36.40, 36.55,
1988,47, 0.199,288.71, 42.20, 36.26, 39.23,
1988,48, 0.202,287.46, 45.97, 33.96, 39.97,
1988,49, 0.203,286.32, 47.95, 31.29, 39.62,
1988,50, 0.201,284.95, 46.00, 36.66, 41.33,
1988,51, 0.200,283.71, 45.76, 42.32, 44.04,
1988,52, 0.200,282.87, 45.74, 46.78, 46.26,
1989, 1, 0.199,282.69, 45.15, 48.32, 46.73,
1989, 2, 0.203,283.04, 45.97, 45.80, 45.88,
1989, 3, 0.206,283.54, 45.83, 44.40, 45.12,
1989, 4, 0.209,284.17, 45.44, 43.80, 44.62,
1989, 5, 0.214,284.94, 45.23, 42.17, 43.70,
1989, 6, 0.217,285.65, 44.54, 42.48, 43.51,
1989, 7, 0.223,286.92, 44.83, 39.15, 41.99,
1989, 8, 0.229,288.32, 44.63, 36.19, 40.41,
1989, 9, 0.235,289.74, 44.63, 34.77, 39.70,
1989,10, 0.242,291.11, 44.95, 34.40, 39.67,
1989,11, 0.250,292.65, 45.18, 32.93, 39.05,
1989,12, 0.258,294.15, 45.43, 30.78, 38.10,
1989,13, 0.267,295.79, 46.47, 28.03, 37.25,
1989,14, 0.274,297.82, 47.16, 22.98, 35.07,
1989,15, 0.278,299.22, 47.31, 21.77, 34.54,
1989,16, 0.277,300.19, 44.79, 23.14, 33.97,
1989,17, 0.277,300.93, 42.82, 26.38, 34.60,
1989,18, 0.279,301.67, 42.77, 29.69, 36.23,
1989,19, 0.280,302.32, 42.74, 33.34, 38.04,
1989,20, 0.284,303.28, 44.27, 34.90, 39.58,
1989,21, 0.286,304.27, 45.11, 35.23, 40.17,
1989,22, 0.288,305.07, 45.34, 37.63, 41.49,
1989,23, 0.290,305.99, 44.77, 39.23, 42.00,
1989,24, 0.291,307.04, 44.48, 39.00, 41.74,
1989,25, 0.292,307.86, 44.59, 39.47, 42.03,
1989,26, 0.294,308.52, 45.95, 39.63, 42.79,
1989,27, 0.296,309.05, 47.87, 39.01, 43.44,
1989,28, 0.295,309.20, 48.45, 39.84, 44.15,
1989,29, 0.293,309.24, 48.04, 40.84, 44.44,
1989,30, 0.291,309.07, 47.23, 42.65, 44.94,
1989,31, 0.289,308.70, 47.28, 44.55, 45.92,
1989,32, 0.287,308.15, 47.70, 47.21, 47.46,
1989,33, 0.285,307.69, 48.69, 47.58, 48.13,
1989,34, 0.283,307.22, 49.41, 47.21, 48.31,
1989,35, 0.279,306.56, 49.40, 46.82, 48.11,
1989,36, 0.275,305.55, 49.10, 48.24, 48.67,
1989,37, 0.272,304.43, 49.41, 49.43, 49.42,
1989,38, 0.268,303.24, 49.95, 48.56, 49.26,
1989,39, 0.265,302.07, 50.61, 46.09, 48.35,
1989,40, 0.263,300.82, 51.84, 43.39, 47.61,
1989,41, 0.260,299.43, 53.03, 41.11, 47.07,
1989,42, 0.258,297.99, 54.17, 37.26, 45.72,
1989,43, 0.254,296.46, 56.07, 33.59, 44.83,
1989,44, 0.251,294.94, 57.80, 29.35, 43.58,
1989,45, 0.248,293.73, 58.90, 23.06, 40.98,
1989,46, 0.245,292.55, 60.05, 18.74, 39.39,
1989,47, 0.240,291.36, 60.02, 16.04, 38.03,
1989,48, 0.237,290.15, 59.45, 13.85, 36.65,
1989,49, 0.234,288.89, 58.95, 12.20, 35.57,
1989,50, 0.230,287.93, 56.86, 12.21, 34.53,
1989,51, 0.225,287.27, 54.66, 12.95, 33.80,
1989,52, 0.221,286.66, 52.83, 15.44, 34.14,
1990, 1, 0.217,286.17, 51.77, 15.77, 33.77,
1990, 2, 0.213,285.79, 48.54, 20.39, 34.47,
1990, 3, 0.212,285.44, 46.61, 27.23, 36.92,
1990, 4, 0.213,285.38, 45.74, 33.49, 39.62,
1990, 5, 0.216,285.66, 45.21, 36.62, 40.92,
1990, 6, 0.218,286.29, 44.38, 38.28, 41.33,
1990, 7, 0.220,287.00, 42.96, 39.89, 41.43,
1990, 8, 0.224,288.35, 41.87, 36.52, 39.19,
1990, 9, 0.230,289.89, 41.82, 33.28, 37.55,
1990,10, 0.288,294.65, 55.78, 83.15, 69.47,
1990,11, 0.250,293.31, 44.18, 26.79, 35.48,
1990,12, 0.258,295.03, 44.46, 22.65, 33.56,
1990,13, 0.266,296.52, 44.67, 20.85, 32.76,
1990,14, 0.269,297.68, 42.98, 21.36, 32.17,
1990,15, 0.271,298.65, 41.54, 23.75, 32.64,
1990,16, 0.277,299.75, 42.77, 24.97, 33.87,
1990,17, 0.283,300.64, 44.29, 27.85, 36.07,
1990,18, 0.285,301.44, 44.45, 31.59, 38.02,
1990,19, 0.285,302.14, 44.37, 35.21, 39.79,
1990,20, 0.283,302.70, 43.47, 40.65, 42.06,
1990,21, 0.281,303.45, 41.98, 43.06, 42.52,
1990,22, 0.280,304.25, 40.17, 45.83, 43.00,
1990,23, 0.283,305.21, 40.34, 47.52, 43.93,
1990,24, 0.287,306.42, 42.11, 45.78, 43.94,
1990,25, 0.288,307.42, 41.79, 44.07, 42.93,
1990,26, 0.287,307.97, 41.34, 44.52, 42.93,
1990,27, 0.286,308.25, 40.66, 45.65, 43.16,
1990,28, 0.284,308.47, 39.87, 45.63, 42.75,
1990,29, 0.284,308.86, 40.48, 42.70, 41.59,
1990,30, 0.282,308.85, 40.48, 42.33, 41.41,
1990,31, 0.280,308.44, 39.96, 44.89, 42.42,
1990,32, 0.277,307.92, 39.52, 47.59, 43.56,
1990,33, 0.275,307.35, 39.71, 49.59, 44.65,
1990,34, 0.273,306.77, 40.33, 50.39, 45.36,
1990,35, 0.272,306.24, 42.07, 48.99, 45.53,
1990,36, 0.270,305.62, 43.97, 46.49, 45.23,
1990,37, 0.267,304.88, 44.69, 43.59, 44.14,
1990,38, 0.262,303.82, 44.40, 41.39, 42.90,
1990,39, 0.258,302.60, 45.15, 39.47, 42.31,
1990,40, 0.255,301.17, 46.95, 38.76, 42.86,
1990,41, 0.253,299.70, 49.53, 37.68, 43.61,
1990,42, 0.250,298.19, 50.65, 34.81, 42.73,
1990,43, 0.245,296.56, 51.59, 32.17, 41.88,
1990,44, 0.238,294.53, 51.68, 32.31, 42.00,
1990,45, 0.232,292.72, 51.85, 31.06, 41.45,
1990,46, 0.226,291.08, 51.25, 30.30, 40.77,
1990,47, 0.218,289.39, 49.90, 31.13, 40.52,
1990,48, 0.212,287.71, 49.02, 32.58, 40.80,
1990,49, 0.208,286.22, 48.91, 32.96, 40.94,
1990,50, 0.202,284.84, 45.81, 38.64, 42.23,
1990,51, 0.197,284.01, 43.56, 40.64, 42.10,
1990,52, 0.194,283.81, 41.89, 39.34, 40.61,
1991, 1, 0.195,284.22, 43.03, 34.80, 38.92,
1991, 2, 0.199,285.08, 43.83, 28.33, 36.08,
1991, 3, 0.202,286.14, 43.91, 22.85, 33.38,
1991, 4, 0.207,287.18, 44.21, 19.56, 31.89,
1991, 5, 0.210,287.95, 44.15, 18.64, 31.39,
1991, 6, 0.216,289.01, 44.45, 17.34, 30.90,
1991, 7, 0.219,290.04, 44.01, 17.04, 30.52,
1991, 8, 0.222,290.31, 42.73, 22.98, 32.86,
1991, 9, 0.225,290.32, 41.53, 32.05, 36.79,
1991,10, 0.229,290.33, 40.04, 41.63, 40.83,
1991,11, 0.234,290.47, 38.09, 49.55, 43.82,
1991,12, 0.240,290.86, 37.25, 54.22, 45.73,
1991,13, 0.250,291.74, 38.84, 56.07, 47.46,
1991,14, 0.261,293.07, 42.24, 55.26, 48.75,
1991,15, 0.271,294.34, 45.61, 54.41, 50.01,
1991,16, 0.279,295.44, 48.76, 55.46, 52.11,
1991,17, 0.286,296.46, 51.19, 57.75, 54.47,
1991,18, 0.290,297.51, 52.29, 60.12, 56.21,
1991,19, 0.296,298.93, 55.33, 58.56, 56.95,
1991,20, 0.302,300.53, 59.00, 55.48, 57.24,
1991,21, 0.307,301.84, 61.45, 53.95, 57.70,
1991,22, 0.309,302.87, 61.60, 55.29, 58.45,
1991,23, 0.310,303.99, 60.94, 55.58, 58.26,
1991,24, 0.310,304.97, 60.10, 55.94, 58.02,
1991,25, 0.308,305.69, 58.63, 57.26, 57.95,
1991,26, 0.307,306.35, 57.93, 57.42, 57.67,
1991,27, 0.306,307.00, 57.60, 55.66, 56.63,
1991,28, 0.305,307.52, 57.56, 53.42, 55.49,
1991,29, 0.303,307.78, 57.43, 52.45, 54.94,
1991,30, 0.301,307.82, 57.49, 52.18, 54.83,
1991,31, 0.300,307.76, 57.79, 51.53, 54.66,
1991,32, 0.297,307.58, 57.38, 50.20, 53.79,
1991,33, 0.294,307.45, 56.89, 47.02, 51.96,
1991,34, 0.292,307.18, 56.69, 44.50, 50.60,
1991,35, 0.287,306.68, 55.84, 42.34, 49.09,
1991,36, 0.282,306.12, 55.44, 39.00, 47.22,
1991,37, 0.278,305.52, 55.08, 35.05, 45.07,
1991,38, 0.274,305.07, 55.03, 27.81, 41.42,
1991,39, 0.269,304.29, 54.93, 22.45, 38.69,
1991,40, 0.265,303.07, 55.12, 20.24, 37.68,
1991,41, 0.261,301.41, 56.12, 21.41, 38.76,
1991,42, 0.256,299.27, 55.67, 24.56, 40.12,
1991,43, 0.250,296.72, 55.21, 30.40, 42.80,
1991,44, 0.243,294.33, 55.13, 33.93, 44.53,
1991,45, 0.236,292.11, 54.03, 36.04, 45.04,
1991,46, 0.230,290.25, 53.86, 36.76, 45.31,
1991,47, 0.224,288.71, 53.59, 36.44, 45.02,
1991,48, 0.218,287.40, 52.33, 34.69, 43.51,
1991,49, 0.211,286.03, 50.26, 33.78, 42.02,
1991,50, 0.205,285.08, 46.52, 35.39, 40.95,
1991,51, 0.198,284.28, 43.08, 36.70, 39.89,
1991,52, 0.193,283.57, 40.95, 39.56, 40.26,
1992, 1, 0.196,283.74, 42.87, 37.45, 40.16,
1992, 2, 0.202,284.13, 45.57, 35.45, 40.51,
1992, 3, 0.207,284.61, 46.53, 35.35, 40.94,
1992, 4, 0.211,285.15, 46.54, 36.64, 41.59,
1992, 5, 0.214,285.60, 46.00, 38.32, 42.16,
1992, 6, 0.219,286.33, 45.69, 39.03, 42.36,
1992, 7, 0.229,287.38, 47.61, 37.92, 42.76,
1992, 8, 0.239,288.61, 49.85, 36.02, 42.94,
1992, 9, 0.250,289.89, 52.28, 35.56, 43.92,
1992,10, 0.259,290.98, 54.10, 36.87, 45.49,
1992,11, 0.267,291.93, 54.44, 38.78, 46.61,
1992,12, 0.272,292.48, 53.82, 42.70, 48.26,
1992,13, 0.277,293.31, 53.50, 45.36, 49.43,
1992,14, 0.287,294.90, 56.55, 42.62, 49.59,
1992,15, 0.294,296.47, 58.49, 39.94, 49.21,
1992,16, 0.296,297.90, 58.10, 38.23, 48.17,
1992,17, 0.295,299.20, 56.44, 38.17, 47.31,
1992,18, 0.292,300.43, 53.60, 38.49, 46.05,
1992,19, 0.290,301.61, 51.25, 38.16, 44.70,
1992,20, 0.289,302.73, 51.06, 39.18, 45.12,
1992,21, 0.287,303.49, 49.06, 41.28, 45.17,
1992,22, 0.285,304.09, 47.18, 45.00, 46.09,
1992,23, 0.285,304.67, 45.65, 49.05, 47.35,
1992,24, 0.282,304.96, 42.98, 55.17, 49.08,
1992,25, 0.280,305.16, 41.33, 61.41, 51.37,
1992,26, 0.279,305.38, 40.62, 65.81, 53.21,
1992,27, 0.279,305.77, 41.13, 66.27, 53.70,
1992,28, 0.280,306.08, 42.29, 66.05, 54.17,
1992,29, 0.280,306.44, 43.50, 64.38, 53.94,
1992,30, 0.279,306.67, 44.23, 62.53, 53.38,
1992,31, 0.277,306.91, 44.05, 58.44, 51.24,
1992,32, 0.275,306.91, 44.19, 55.41, 49.80,
1992,33, 0.272,306.47, 43.87, 55.63, 49.75,
1992,34, 0.268,305.94, 42.99, 55.99, 49.49,
1992,35, 0.265,305.42, 43.35, 54.51, 48.93,
1992,36, 0.261,304.59, 43.83, 54.43, 49.13,
1992,37, 0.257,303.70, 43.43, 53.80, 48.61,
1992,38, 0.253,302.90, 43.81, 50.17, 46.99,
1992,39, 0.248,301.98, 43.67, 45.45, 44.56,
1992,40, 0.243,300.44, 42.98, 45.74, 44.36,
1992,41, 0.236,298.44, 42.28, 49.54, 45.91,
1992,42, 0.229,296.30, 40.17, 51.63, 45.90,
1992,43, 0.222,294.05, 40.36, 54.32, 47.34,
1992,44, 0.218,291.86, 42.87, 55.33, 49.10,
1992,45, 0.216,289.85, 46.32, 54.97, 50.64,
1992,46, 0.213,287.87, 49.17, 55.93, 52.55,
1992,47, 0.208,286.11, 49.86, 56.45, 53.16,
1992,48, 0.201,284.44, 48.35, 56.79, 52.57,
1992,49, 0.194,282.91, 46.23, 56.44, 51.34,
1992,50, 0.189,282.03, 42.12, 59.84, 50.98,
1992,51, 0.182,281.22, 39.08, 61.17, 50.13,
1992,52, 0.178,280.89, 37.23, 60.66, 48.95,
1993, 1, 0.175,280.71, 35.10, 61.57, 48.34,
1993, 2, 0.175,280.90, 34.73, 60.75, 47.74,
1993, 3, 0.178,281.57, 34.85, 58.32, 46.58,
1993, 4, 0.181,282.23, 34.25, 57.52, 45.89,
1993, 5, 0.188,283.12, 35.57, 55.21, 45.39,
1993, 6, 0.197,284.23, 37.19, 52.88, 45.03,
1993, 7, 0.207,285.45, 39.20, 50.28, 44.74,
1993, 8, 0.219,286.89, 41.80, 46.49, 44.15,
1993, 9, 0.230,288.22, 43.63, 45.33, 44.48,
1993,10, 0.242,289.72, 46.35, 43.66, 45.00,
1993,11, 0.253,291.00, 48.28, 43.82, 46.05,
1993,12, 0.260,291.69, 48.68, 47.39, 48.03,
1993,13, 0.267,292.34, 49.94, 51.86, 50.90,
1993,14, 0.274,293.01, 51.38, 56.43, 53.90,
1993,15, 0.281,293.93, 53.88, 58.43, 56.16,
1993,16, 0.289,295.34, 56.66, 57.37, 57.01,
1993,17, 0.294,296.84, 58.25, 56.27, 57.26,
1993,18, 0.297,298.15, 58.73, 56.73, 57.73,
1993,19, 0.298,299.17, 59.19, 58.05, 58.62,
1993,20, 0.299,299.99, 59.82, 60.68, 60.25,
1993,21, 0.302,300.81, 60.69, 62.93, 61.81,
1993,22, 0.304,301.65, 61.11, 66.25, 63.68,
1993,23, 0.309,302.72, 62.43, 67.77, 65.10,
1993,24, 0.314,303.83, 64.56, 67.61, 66.08,
1993,25, 0.319,304.71, 66.92, 68.04, 67.48,
1993,26, 0.321,305.31, 68.31, 69.01, 68.66,
1993,27, 0.322,305.70, 69.01, 69.79, 69.40,
1993,28, 0.320,305.80, 68.31, 71.66, 69.98,
1993,29, 0.317,305.76, 67.16, 73.89, 70.52,
1993,30, 0.316,305.73, 67.63, 74.76, 71.20,
1993,31, 0.313,305.50, 66.96, 75.62, 71.29,
1993,32, 0.309,305.35, 65.66, 74.37, 70.02,
1993,33, 0.304,305.04, 64.08, 73.17, 68.63,
1993,34, 0.298,304.45, 62.15, 74.40, 68.27,
1993,35, 0.292,303.86, 61.04, 73.46, 67.25,
1993,36, 0.287,303.33, 60.85, 70.04, 65.44,
1993,37, 0.281,302.96, 59.25, 63.76, 61.51,
1993,38, 0.271,302.14, 55.95, 59.50, 57.72,
1993,39, 0.260,301.01, 51.92, 56.51, 54.22,
1993,40, 0.249,300.02, 47.79, 51.21, 49.50,
1993,41, 0.238,299.04, 44.04, 45.04, 44.54,
1993,42, 0.229,297.89, 41.79, 38.47, 40.13,
1993,43, 0.222,296.55, 42.33, 33.06, 37.69,
1993,44, 0.216,295.09, 43.61, 28.16, 35.89,
1993,45, 0.209,293.76, 44.18, 23.11, 33.65,
1993,46, 0.202,291.79, 44.50, 24.68, 34.59,
1993,47, 0.197,289.68, 44.72, 28.63, 36.68,
1993,48, 0.192,287.60, 45.01, 32.64, 38.82,
1993,49, 0.190,285.87, 45.64, 34.73, 40.19,
1993,50, 0.188,284.68, 43.95, 39.74, 41.85,
1993,51, 0.187,283.87, 43.40, 41.64, 42.52,
1993,52, 0.185,283.48, 42.77, 42.02, 42.39,
1994, 1, 0.185,283.72, 42.79, 39.32, 41.06,
1994, 2, 0.185,284.00, 42.04, 37.68, 39.86,
1994, 3, 0.189,284.50, 42.27, 36.70, 39.49,
1994, 4, 0.193,284.99, 42.29, 37.65, 39.97,
1994, 5, 0.198,285.76, 42.34, 36.24, 39.29,
1994, 6, 0.205,286.77, 42.76, 34.26, 38.51,
1994, 7, 0.214,288.07, 44.20, 31.07, 37.63,
1994, 8, 0.223,289.37, 44.79, 29.05, 36.92,
1994, 9, 0.232,290.68, 45.52, 28.49, 37.00,
1994,10, 0.240,291.54, 45.71, 31.76, 38.73,
1994,11, 0.249,292.44, 45.91, 34.32, 40.12,
1994,12, 0.259,293.48, 46.42, 34.90, 40.66,
1994,13, 0.268,294.39, 47.25, 36.93, 42.09,
1994,14, 0.273,295.23, 47.31, 39.64, 43.48,
1994,15, 0.276,296.00, 46.57, 42.85, 44.71,
1994,16, 0.277,296.75, 45.25, 46.38, 45.81,
1994,17, 0.278,297.32, 44.17, 51.69, 47.93,
1994,18, 0.279,297.77, 43.55, 58.23, 50.89,
1994,19, 0.282,298.45, 44.72, 62.31, 53.52,
1994,20, 0.287,299.35, 47.95, 64.87, 56.41,
1994,21, 0.293,300.24, 51.14, 67.09, 59.12,
1994,22, 0.299,301.17, 53.61, 70.10, 61.85,
1994,23, 0.302,301.88, 54.16, 74.32, 64.24,
1994,24, 0.304,302.86, 54.48, 75.52, 65.00,
1994,25, 0.306,303.80, 55.09, 75.28, 65.18,
1994,26, 0.306,304.41, 54.90, 75.11, 65.00,
1994,27, 0.304,305.01, 53.96, 73.63, 63.79,
1994,28, 0.301,305.39, 53.00, 72.41, 62.71,
1994,29, 0.298,305.49, 51.84, 71.89, 61.86,
1994,30, 0.294,305.26, 50.21, 72.61, 61.41,
1994,31, 0.291,304.92, 48.96, 72.56, 60.76,
1994,32, 0.290,304.76, 49.41, 71.15, 60.28,
1994,33, 0.288,304.64, 50.16, 68.12, 59.14,
1994,34, 0.287,304.55, 50.71, 63.96, 57.34,
1994,35, 0.286,304.58, 52.29, 57.31, 54.80,
1994,36, 0.284,304.80, 53.23, 46.90, 50.07,
1994,37,-1.000, -1.00, -1.00, -1.00, -1.00,
1994,38,-1.000, -1.00, -1.00, -1.00, -1.00,
1994,39,-1.000, -1.00, -1.00, -1.00, -1.00,
1994,40,-1.000, -1.00, -1.00, -1.00, -1.00,
1994,41,-1.000, -1.00, -1.00, -1.00, -1.00,
1994,42,-1.000, -1.00, -1.00, -1.00, -1.00,
1994,43,-1.000, -1.00, -1.00, -1.00, -1.00,
1994,44,-1.000, -1.00, -1.00, -1.00, -1.00,
1994,45,-1.000, -1.00, -1.00, -1.00, -1.00,
1994,46,-1.000, -1.00, -1.00, -1.00, -1.00,
1994,47,-1.000, -1.00, -1.00, -1.00, -1.00,
1994,48,-1.000, -1.00, -1.00, -1.00, -1.00,
1994,49,-1.000, -1.00, -1.00, -1.00, -1.00,
1994,50,-1.000, -1.00, -1.00, -1.00, -1.00,
1994,51,-1.000, -1.00, -1.00, -1.00, -1.00,
1994,52,-1.000, -1.00, -1.00, -1.00, -1.00,
1995, 1,-1.000, -1.00, -1.00, -1.00, -1.00,
1995, 2,-1.000, -1.00, -1.00, -1.00, -1.00,
1995, 3,-1.000, -1.00, -1.00, -1.00, -1.00,
1995, 4, 0.191,279.76, 36.77, 60.67, 48.72,
1995, 5, 0.211,283.02, 43.80, 51.08, 47.44,
1995, 6, 0.229,285.17, 49.54, 45.00, 47.27,
1995, 7, 0.241,286.60, 53.17, 42.57, 47.87,
1995, 8, 0.252,287.53, 55.51, 43.74, 49.63,
1995, 9, 0.261,288.24, 57.21, 47.76, 52.48,
1995,10, 0.268,288.81, 58.39, 52.49, 55.44,
1995,11, 0.275,289.46, 59.30, 55.97, 57.63,
1995,12, 0.284,290.51, 60.74, 55.71, 58.22,
1995,13, 0.289,291.46, 61.52, 57.08, 59.30,
1995,14, 0.292,292.63, 60.81, 57.32, 59.06,
1995,15, 0.290,293.62, 57.75, 58.70, 58.23,
1995,16, 0.287,294.62, 55.32, 60.29, 57.80,
1995,17, 0.286,295.74, 53.32, 61.87, 57.60,
1995,18, 0.283,296.84, 50.10, 63.78, 56.94,
1995,19, 0.281,298.07, 48.13, 63.55, 55.84,
1995,20, 0.281,299.46, 47.56, 62.25, 54.90,
1995,21, 0.283,300.66, 47.65, 61.74, 54.69,
1995,22, 0.287,301.95, 48.50, 61.61, 55.05,
1995,23, 0.291,303.46, 49.69, 59.44, 54.57,
1995,24, 0.294,304.70, 49.09, 58.37, 53.73,
1995,25, 0.296,305.62, 49.16, 58.94, 54.05,
1995,26, 0.299,306.69, 51.26, 56.09, 53.67,
1995,27, 0.301,307.57, 52.82, 52.74, 52.78,
1995,28, 0.303,308.35, 54.20, 48.50, 51.35,
1995,29, 0.305,308.92, 56.16, 44.93, 50.55,
1995,30, 0.306,309.20, 57.66, 42.88, 50.27,
1995,31, 0.305,309.38, 58.17, 39.95, 49.06,
1995,32, 0.304,309.24, 58.17, 38.73, 48.45,
1995,33, 0.301,308.87, 58.19, 38.36, 48.27,
1995,34, 0.299,308.40, 58.31, 38.01, 48.16,
1995,35, 0.295,307.83, 58.29, 37.07, 47.68,
1995,36, 0.291,307.09, 58.27, 35.50, 46.89,
1995,37, 0.286,306.15, 57.74, 34.31, 46.03,
1995,38, 0.281,304.94, 57.13, 33.74, 45.44,
1995,39, 0.276,303.65, 57.08, 32.17, 44.62,
1995,40, 0.270,302.38, 56.64, 29.77, 43.20,
1995,41, 0.263,300.95, 55.46, 28.13, 41.79,
1995,42, 0.256,299.51, 53.48, 24.81, 39.15,
1995,43, 0.246,297.94, 51.28, 21.55, 36.41,
1995,44, 0.237,296.50, 49.54, 16.68, 33.11,
1995,45, 0.228,295.06, 48.02, 12.67, 30.34,
1995,46, 0.220,293.70, 46.79, 10.26, 28.52,
1995,47, 0.212,292.36, 45.52,  8.90, 27.21,
1995,48, 0.204,290.70, 43.57, 10.40, 26.98,
1995,49, 0.197,288.90, 42.23, 12.93, 27.58,
1995,50, 0.192,287.42, 38.68, 17.06, 27.87,
1995,51, 0.189,286.60, 37.71, 18.79, 28.25,
1995,52, 0.192,286.30, 39.24, 18.24, 28.74,
1996, 1, 0.193,285.74, 39.77, 18.81, 29.29,
1996, 2, 0.194,285.22, 39.44, 24.96, 32.20,
1996, 3, 0.194,285.12, 38.49, 29.43, 33.96,
1996, 4, 0.197,285.30, 37.91, 32.94, 35.43,
1996, 5, 0.204,285.70, 38.90, 34.66, 36.78,
1996, 6, 0.212,286.33, 40.13, 35.92, 38.03,
1996, 7, 0.222,287.34, 41.86, 34.95, 38.40,
1996, 8, 0.233,288.40, 43.91, 34.75, 39.33,
1996, 9, 0.242,289.01, 45.11, 39.74, 42.42,
1996,10, 0.252,289.93, 47.10, 43.03, 45.06,
1996,11, 0.265,291.48, 49.82, 41.49, 45.66,
1996,12, 0.277,293.12, 52.23, 37.94, 45.08,
1996,13, 0.283,294.51, 52.86, 36.75, 44.80,
1996,14, 0.285,295.38, 51.84, 39.32, 45.58,
1996,15, 0.288,296.69, 51.92, 38.44, 45.18,
1996,16, 0.290,298.45, 51.51, 34.43, 42.97,
1996,17, 0.292,300.07, 51.27, 31.91, 41.59,
1996,18, 0.293,301.41, 50.54, 31.43, 40.99,
1996,19, 0.292,302.55, 49.25, 31.22, 40.23,
1996,20, 0.290,303.81, 48.03, 31.07, 39.55,
1996,21, 0.289,304.99, 46.61, 29.87, 38.24,
1996,22, 0.288,305.97, 44.81, 30.99, 37.90,
1996,23, 0.289,307.17, 44.25, 30.26, 37.25,
1996,24, 0.292,308.27, 44.55, 29.03, 36.79,
1996,25, 0.294,308.99, 44.26, 30.25, 37.25,
1996,26, 0.290,309.36, 41.33, 33.22, 37.27,
1996,27, 0.288,309.65, 39.56, 34.19, 36.87,
1996,28, 0.288,310.06, 39.27, 32.13, 35.70,
1996,29, 0.287,310.35, 39.10, 30.47, 34.79,
1996,30, 0.285,310.41, 39.06, 29.76, 34.41,
1996,31, 0.284,310.20, 39.02, 30.18, 34.60,
1996,32, 0.282,309.87, 39.06, 30.59, 34.83,
1996,33, 0.280,309.52, 39.63, 29.86, 34.75,
1996,34, 0.277,308.96, 39.72, 30.41, 35.06,
1996,35, 0.275,308.04, 40.65, 33.04, 36.85,
1996,36, 0.273,306.84, 41.56, 36.60, 39.08,
1996,37, 0.269,305.57, 41.72, 39.19, 40.45,
1996,38, 0.265,304.36, 42.34, 38.93, 40.64,
1996,39, 0.260,303.11, 42.50, 37.19, 39.85,
1996,40, 0.254,301.35, 41.23, 39.69, 40.46,
1996,41, 0.249,299.24, 42.16, 44.78, 43.47,
1996,42, 0.245,296.59, 43.02, 52.40, 47.71,
1996,43, 0.237,294.22, 43.10, 56.76, 49.93,
1996,44, 0.230,292.20, 43.52, 56.39, 49.95,
1996,45, 0.222,290.30, 42.99, 54.93, 48.96,
1996,46, 0.216,288.70, 44.12, 52.45, 48.29,
1996,47, 0.215,287.39, 46.65, 49.27, 47.96,
1996,48, 0.213,285.95, 47.79, 47.82, 47.81,
1996,49, 0.211,284.61, 48.38, 46.29, 47.34,
1996,50, 0.212,283.85, 47.73, 47.83, 47.78,
1996,51, 0.217,283.50, 49.58, 45.84, 47.71,
1996,52, 0.219,283.22, 50.43, 45.23, 47.83,
1997, 1, 0.219,282.98, 50.38, 46.23, 48.30,
1997, 2, 0.221,282.95, 50.41, 46.93, 48.67,
1997, 3, 0.227,283.46, 51.97, 45.29, 48.63,
1997, 4, 0.233,284.32, 53.36, 42.44, 47.90,
1997, 5, 0.243,285.46, 55.86, 37.86, 46.86,
1997, 6, 0.254,286.57, 58.91, 35.28, 47.10,
1997, 7, 0.266,287.78, 62.23, 33.20, 47.71,
1997, 8, 0.277,289.29, 64.51, 29.32, 46.91,
1997, 9, 0.279,290.67, 63.38, 27.46, 45.42,
1997,10, 0.282,292.04, 61.96, 26.99, 44.47,
1997,11, 0.288,293.59, 61.59, 25.18, 43.39,
1997,12, 0.291,295.06, 60.23, 22.77, 41.50,
1997,13, 0.293,296.18, 58.08, 23.33, 40.70,
1997,14, 0.293,297.03, 55.71, 25.94, 40.83,
1997,15, 0.292,297.84, 53.36, 29.36, 41.36,
1997,16, 0.291,299.05, 50.81, 29.67, 40.24,
1997,17, 0.289,300.43, 48.10, 28.87, 38.48,
1997,18, 0.288,301.94, 46.48, 26.98, 36.73,
1997,19, 0.290,303.23, 46.62, 25.87, 36.24,
1997,20, 0.290,304.26, 47.11, 27.75, 37.43,
1997,21, 0.291,305.14, 46.90, 28.79, 37.84,
1997,22, 0.290,305.66, 45.58, 33.64, 39.61,
1997,23, 0.293,306.21, 45.88, 38.82, 42.35,
1997,24, 0.298,306.98, 47.62, 41.05, 44.34,
1997,25, 0.300,307.81, 48.69, 41.47, 45.08,
1997,26, 0.302,308.47, 49.66, 41.62, 45.64,
1997,27, 0.302,308.83, 50.07, 42.40, 46.24,
1997,28, 0.300,308.99, 49.21, 43.19, 46.20,
1997,29, 0.296,309.04, 47.33, 43.91, 45.62,
1997,30, 0.292,308.84, 45.18, 45.90, 45.54,
1997,31, 0.290,308.66, 44.19, 46.54, 45.36,
1997,32, 0.288,308.29, 43.91, 47.68, 45.79,
1997,33, 0.285,307.72, 43.77, 49.24, 46.51,
1997,34, 0.282,307.01, 43.82, 51.58, 47.70,
1997,35, 0.279,306.29, 44.19, 51.62, 47.91,
1997,36, 0.276,305.44, 44.99, 50.76, 47.87,
1997,37, 0.273,304.46, 46.00, 50.03, 48.02,
1997,38, 0.270,303.33, 47.29, 48.23, 47.76,
1997,39, 0.265,301.78, 47.96, 49.29, 48.62,
1997,40, 0.261,300.16, 49.08, 50.29, 49.68,
1997,41, 0.258,298.56, 51.88, 50.17, 51.02,
1997,42, 0.253,296.94, 52.42, 48.19, 50.31,
1997,43, 0.245,295.24, 52.60, 46.39, 49.50,
1997,44, 0.237,293.51, 53.01, 43.78, 48.40,
1997,45, 0.228,291.38, 52.34, 45.00, 48.67,
1997,46, 0.218,288.95, 51.54, 50.40, 50.97,
1997,47, 0.210,286.54, 50.80, 56.60, 53.70,
1997,48, 0.207,284.82, 51.92, 57.25, 54.59,
1997,49, 0.209,283.63, 54.46, 54.70, 54.58,
1997,50, 0.209,282.44, 53.24, 61.16, 57.20,
1997,51, 0.205,281.44, 51.54, 64.51, 58.02,
1997,52, 0.199,280.63, 48.90, 68.08, 58.49,
1998, 1, 0.190,279.87, 44.60, 74.36, 59.48,
1998, 2, 0.186,279.55, 42.96, 75.06, 59.01,
1998, 3, 0.185,279.50, 42.03, 76.34, 59.19,
1998, 4, 0.188,279.70, 41.68, 78.44, 60.06,
1998, 5, 0.196,280.34, 42.97, 78.88, 60.93,
1998, 6, 0.205,280.89, 44.60, 80.98, 62.79,
1998, 7, 0.216,281.62, 46.86, 82.26, 64.56,
1998, 8, 0.229,282.56, 49.45, 83.33, 66.39,
1998, 9, 0.246,284.19, 54.36, 80.31, 67.33,
1998,10, 0.261,286.02, 58.41, 74.55, 66.48,
1998,11, 0.268,287.00, 58.29, 75.45, 66.87,
1998,12, 0.271,287.60, 56.46, 78.22, 67.34,
1998,13, 0.275,288.45, 55.95, 80.26, 68.11,
1998,14, 0.279,289.45, 55.93, 82.22, 69.08,
1998,15, 0.282,290.65, 56.15, 81.86, 69.01,
1998,16, 0.284,292.07, 55.93, 80.97, 68.45,
1998,17, 0.286,293.36, 55.68, 81.87, 68.77,
1998,18, 0.288,294.65, 55.78, 83.15, 69.47,
1998,19, 0.287,295.48, 55.08, 86.31, 70.69,
1998,20, 0.288,296.30, 55.34, 88.24, 71.79,
1998,21, 0.292,297.47, 56.50, 88.50, 72.50,
1998,22, 0.300,299.12, 59.75, 86.96, 73.36,
1998,23, 0.307,300.82, 62.13, 83.98, 73.06,
1998,24, 0.313,302.33, 64.39, 80.80, 72.60,
1998,25, 0.318,303.75, 66.78, 76.88, 71.83,
1998,26, 0.325,305.20, 70.85, 70.61, 70.73,
1998,27, 0.329,306.55, 73.82, 62.72, 68.27,
1998,28, 0.329,307.56, 74.66, 55.63, 65.15,
1998,29, 0.327,308.04, 73.64, 52.24, 62.94,
1998,30, 0.325,308.30, 73.46, 49.95, 61.70,
1998,31, 0.324,308.42, 74.07, 47.38, 60.73,
1998,32, 0.320,308.00, 72.29, 48.87, 60.58,
1998,33, 0.315,307.39, 70.15, 50.60, 60.37,
1998,34, 0.311,306.61, 68.68, 53.88, 61.28,
1998,35, 0.305,305.56, 67.49, 58.18, 62.83,
1998,36, 0.299,304.21, 66.20, 63.32, 64.76,
1998,37, 0.294,302.67, 65.41, 68.97, 67.19,
1998,38, 0.288,301.02, 65.48, 72.46, 68.97,
1998,39, 0.284,299.38, 66.07, 73.79, 69.93,
1998,40, 0.278,297.71, 65.27, 75.10, 70.18,
1998,41, 0.269,295.91, 61.93, 76.46, 69.19,
1998,42, 0.259,293.99, 58.32, 76.61, 67.47,
1998,43, 0.250,292.28, 57.12, 75.00, 66.06,
1998,44, 0.240,290.63, 56.08, 70.98, 63.53,
1998,45, 0.227,288.75, 53.33, 68.82, 61.08,
1998,46, 0.216,287.26, 51.73, 64.57, 58.15,
1998,47, 0.211,286.06, 52.04, 60.12, 56.08,
1998,48, 0.207,284.93, 51.87, 55.99, 53.93,
1998,49, 0.205,284.11, 52.04, 50.51, 51.27,
1998,50, 0.207,283.93, 51.79, 47.54, 49.66,
1998,51, 0.208,283.78, 52.16, 43.69, 47.93,
1998,52, 0.206,283.76, 51.14, 41.03, 46.09,
1999, 1, 0.204,283.69, 50.00, 40.21, 45.10,
1999, 2, 0.200,283.50, 47.20, 42.60, 44.90,
1999, 3, 0.200,283.24, 45.38, 47.85, 46.61,
1999, 4, 0.200,283.10, 43.67, 53.73, 48.70,
1999, 5, 0.199,283.09, 41.57, 58.32, 49.95,
1999, 6, 0.202,283.42, 40.75, 61.13, 50.94,
1999, 7, 0.209,284.19, 40.98, 61.56, 51.27,
1999, 8, 0.215,285.15, 40.77, 61.97, 51.37,
1999, 9, 0.221,286.21, 39.71, 63.47, 51.59,
1999,10, 0.229,287.27, 39.49, 64.78, 52.14,
1999,11, 0.240,288.56, 40.64, 64.31, 52.48,
1999,12, 0.250,289.61, 41.67, 64.45, 53.06,
1999,13, 0.260,290.79, 43.28, 64.46, 53.87,
1999,14, 0.269,292.19, 45.41, 63.18, 54.29,
1999,15, 0.279,293.61, 48.63, 61.27, 54.95,
1999,16, 0.286,294.85, 51.54, 61.66, 56.60,
1999,17, 0.293,296.23, 53.56, 61.78, 57.67,
1999,18, 0.296,297.54, 53.97, 62.43, 58.20,
1999,19, 0.300,298.81, 55.99, 61.73, 58.86,
1999,20, 0.304,300.04, 58.81, 61.09, 59.95,
1999,21, 0.306,301.22, 59.61, 60.59, 60.10,
1999,22, 0.309,302.60, 60.42, 59.25, 59.83,
1999,23, 0.312,303.91, 61.16, 58.43, 59.80,
1999,24, 0.314,304.96, 60.89, 58.47, 59.68,
1999,25, 0.315,305.80, 60.63, 59.23, 59.93,
1999,26, 0.316,306.44, 60.67, 60.08, 60.38,
1999,27, 0.315,306.91, 60.59, 59.90, 60.25,
1999,28, 0.314,306.93, 60.43, 62.73, 61.58,
1999,29, 0.312,306.72, 60.76, 67.03, 63.89,
1999,30, 0.309,306.62, 59.75, 68.70, 64.23,
1999,31, 0.305,306.50, 58.16, 68.94, 63.55,
1999,32, 0.301,306.28, 57.10, 68.53, 62.81,
1999,33, 0.296,305.90, 55.47, 68.20, 61.84,
1999,34, 0.289,305.44, 52.08, 67.43, 59.76,
1999,35, 0.284,305.15, 50.83, 63.06, 56.94,
1999,36, 0.279,304.63, 49.72, 59.29, 54.50,
1999,37, 0.273,304.04, 48.94, 54.76, 51.85,
1999,38, 0.267,303.17, 47.69, 50.59, 49.14,
1999,39, 0.262,302.20, 47.19, 45.75, 46.47,
1999,40, 0.257,301.07, 47.01, 41.87, 44.44,
1999,41, 0.250,299.49, 45.90, 41.82, 43.86,
1999,42, 0.241,297.81, 43.68, 40.47, 42.07,
1999,43, 0.230,296.07, 41.53, 38.85, 40.19,
1999,44, 0.218,294.21, 38.96, 37.58, 38.27,
1999,45, 0.206,292.20, 37.21, 38.10, 37.66,
1999,46, 0.195,289.85, 35.66, 42.95, 39.31,
1999,47, 0.184,287.67, 33.47, 47.52, 40.49,
1999,48, 0.177,285.85, 32.25, 49.23, 40.74,
1999,49, 0.174,284.76, 32.26, 45.89, 39.08,
1999,50, 0.173,284.42, 30.33, 44.05, 37.19,
1999,51, 0.169,283.71, 28.74, 44.84, 36.79,
1999,52, 0.165,283.20, 27.18, 46.00, 36.59,
2000, 1, 0.163,282.76, 26.99, 48.96, 37.97,
2000, 2, 0.161,282.55, 26.22, 51.18, 38.70,
2000, 3, 0.159,282.44, 24.49, 54.29, 39.39,
2000, 4, 0.160,282.57, 23.61, 57.26, 40.43,
2000, 5, 0.167,283.17, 24.68, 57.36, 41.02,
2000, 6, 0.176,283.71, 25.80, 59.34, 42.57,
2000, 7, 0.184,284.34, 26.83, 61.35, 44.09,
2000, 8, 0.193,285.04, 27.14, 63.54, 45.34,
2000, 9, 0.204,285.76, 28.43, 67.12, 47.78,
2000,10, 0.222,287.32, 32.71, 64.64, 48.68,
2000,11, 0.240,289.43, 37.34, 58.09, 47.71,
2000,12, 0.252,290.89, 39.41, 55.43, 47.42,
2000,13, 0.261,292.25, 40.80, 54.29, 47.55,
2000,14, 0.267,293.54, 41.22, 54.10, 47.66,
2000,15, 0.270,294.82, 41.50, 53.64, 47.57,
2000,16, 0.271,295.88, 40.38, 55.19, 47.79,
2000,17, 0.273,296.96, 39.62, 57.08, 48.35,
2000,18, 0.277,298.26, 40.81, 57.40, 49.11,
2000,19, 0.280,299.55, 41.71, 56.39, 49.05,
2000,20, 0.282,300.88, 42.90, 54.95, 48.92,
2000,21, 0.284,302.10, 43.00, 53.89, 48.45,
2000,22, 0.283,303.08, 41.53, 55.90, 48.71,
2000,23, 0.285,304.08, 40.83, 57.53, 49.18,
2000,24, 0.286,304.87, 40.08, 59.35, 49.71,
2000,25, 0.285,305.19, 38.13, 64.46, 51.30,
2000,26, 0.285,305.59, 37.85, 67.27, 52.56,
2000,27, 0.285,306.03, 37.73, 67.69, 52.71,
2000,28, 0.284,306.19, 37.01, 69.17, 53.09,
2000,29, 0.282,306.20, 35.89, 70.70, 53.30,
2000,30, 0.279,306.35, 34.81, 69.69, 52.25,
2000,31, 0.275,306.26, 33.55, 68.90, 51.22,
2000,32, 0.272,305.88, 32.69, 69.31, 51.00,
2000,33, 0.269,305.33, 32.45, 70.40, 51.43,
2000,34, 0.265,304.71, 32.10, 71.96, 52.03,
2000,35, 0.261,304.22, 32.29, 70.21, 51.25,
2000,36, 0.259,303.74, 33.77, 66.39, 50.08,
2000,37, 0.255,303.05, 33.60, 63.15, 48.38,
2000,38, 0.251,302.53, 34.33, 55.81, 45.07,
2000,39, 0.248,301.88, 35.84, 48.08, 41.96,
2000,40, 0.241,300.54, 34.96, 46.28, 40.62,
2000,41, 0.234,298.62, 34.63, 49.07, 41.85,
2000,42, 0.227,296.37, 35.37, 52.41, 43.89,
2000,43, 0.220,294.08, 36.48, 55.81, 46.14,
2000,44, 0.210,292.07, 36.23, 55.68, 45.96,
2000,45, 0.201,290.52, 36.53, 51.56, 44.04,
2000,46, 0.192,289.01, 36.64, 48.17, 42.40,
2000,47, 0.182,287.17, 34.67, 48.54, 41.60,
2000,48, 0.173,285.34, 33.07, 48.82, 40.95,
2000,49, 0.172,284.18, 33.65, 45.55, 39.60,
2000,50, 0.172,283.43, 32.58, 47.60, 40.09,
2000,51, 0.179,283.32, 35.12, 44.48, 39.80,
2000,52, 0.185,283.01, 37.30, 44.50, 40.90,
2001, 1, 0.191,282.46, 39.09, 48.70, 43.90,
2001, 2, 0.199,282.19, 42.22, 52.23, 47.23,
2001, 3, 0.209,282.17, 45.54, 55.41, 50.48,
2001, 4, 0.215,282.13, 46.33, 59.71, 53.02,
2001, 5, 0.217,282.56, 45.05, 60.73, 52.89,
2001, 6, 0.221,283.24, 44.38, 60.45, 52.42,
2001, 7, 0.227,283.94, 44.71, 60.62, 52.67,
2001, 8, 0.230,284.51, 43.37, 62.42, 52.89,
2001, 9, 0.237,285.84, 43.38, 61.56, 52.47,
2001,10, 0.247,287.85, 45.12, 56.63, 50.87,
2001,11, 0.259,289.98, 47.49, 51.13, 49.31,
2001,12, 0.269,291.92, 49.74, 45.76, 47.75,
2001,13, 0.276,293.53, 50.89, 43.09, 46.99,
2001,14, 0.281,294.81, 50.88, 43.20, 47.04,
2001,15, 0.287,296.40, 52.95, 40.62, 46.78,
2001,16, 0.294,298.19, 55.25, 36.74, 45.99,
2001,17, 0.299,300.46, 56.62, 29.46, 43.04,
2001,18, 0.302,302.71, 57.14, 22.39, 39.77,
2001,19, 0.304,304.57, 57.51, 17.38, 37.44,
2001,20, 0.304,305.74, 57.35, 17.05, 37.20,
2001,21, 0.303,306.76, 56.46, 16.93, 36.70,
2001,22, 0.303,307.79, 55.85, 16.97, 36.41,
2001,23, 0.303,308.64, 54.31, 18.80, 36.56,
2001,24, 0.303,309.21, 52.89, 22.17, 37.53,
2001,25, 0.300,309.61, 50.78, 25.76, 38.27,
2001,26, 0.298,309.91, 49.23, 29.11, 39.17,
2001,27, 0.297,310.07, 49.05, 31.79, 40.42,
2001,28, 0.296,310.21, 49.31, 33.06, 41.18,
2001,29, 0.295,310.31, 49.57, 33.53, 41.55,
2001,30, 0.293,310.39, 49.36, 32.80, 41.08,
2001,31, 0.290,310.34, 48.23, 31.47, 39.85,
2001,32, 0.288,310.17, 47.67, 30.31, 38.99,
2001,33, 0.284,309.67, 45.80, 30.39, 38.09,
2001,34, 0.280,309.20, 45.20, 29.69, 37.45,
2001,35, 0.278,308.62, 46.12, 29.26, 37.69,
2001,36, 0.274,307.85, 46.40, 27.96, 37.18,
2001,37, 0.271,306.81, 46.50, 27.71, 37.11,
2001,38, 0.267,305.52, 46.20, 27.80, 37.00,
2001,39, 0.262,304.05, 46.11, 28.38, 37.25,
2001,40, 0.257,302.23, 45.75, 31.23, 38.49,
2001,41, 0.251,300.37, 45.54, 33.51, 39.53,
2001,42, 0.246,298.43, 45.37, 34.10, 39.74,
2001,43, 0.239,296.14, 45.18, 37.31, 41.24,
2001,44, 0.229,293.58, 44.04, 42.02, 43.03,
2001,45, 0.219,290.70, 42.77, 49.48, 46.12,
2001,46, 0.207,287.61, 41.25, 59.26, 50.25,
2001,47, 0.200,285.22, 41.73, 64.09, 52.91,
2001,48, 0.196,283.20, 42.79, 66.13, 54.46,
2001,49, 0.192,281.57, 42.95, 66.40, 54.67,
2001,50, 0.191,280.48, 41.19, 72.09, 56.64,
2001,51, 0.192,280.17, 41.97, 69.18, 55.58,
2001,52, 0.196,280.28, 43.63, 65.51, 54.57,
2002, 1, 0.203,280.74, 46.32, 62.89, 54.61,
2002, 2, 0.216,281.62, 52.42, 56.96, 54.69,
2002, 3, 0.229,282.61, 57.13, 52.47, 54.80,
2002, 4, 0.239,283.65, 59.31, 49.12, 54.22,
2002, 5, 0.244,284.77, 59.70, 45.24, 52.47,
2002, 6, 0.248,286.10, 58.99, 40.79, 49.89,
2002, 7, 0.253,287.57, 58.56, 35.90, 47.23,
2002, 8, 0.257,288.87, 57.28, 33.13, 45.21,
2002, 9, 0.261,289.83, 56.26, 35.16, 45.71,
2002,10, 0.262,290.69, 53.87, 38.62, 46.24,
2002,11, 0.264,291.84, 51.23, 39.71, 45.47,
2002,12, 0.267,293.36, 49.16, 36.77, 42.97,
2002,13, 0.270,295.24, 47.17, 31.66, 39.42,
2002,14, 0.273,296.98, 46.03, 27.56, 36.79,
2002,15, 0.276,298.53, 45.99, 25.20, 35.60,
2002,16, 0.278,299.63, 45.39, 26.03, 35.71,
2002,17, 0.280,300.66, 45.01, 27.76, 36.39,
2002,18, 0.282,301.82, 44.54, 28.76, 36.65,
2002,19, 0.284,303.02, 44.83, 28.27, 36.55,
2002,20, 0.285,304.25, 45.81, 28.56, 37.18,
2002,21, 0.286,305.33, 45.47, 28.35, 36.91,
2002,22, 0.287,306.50, 45.00, 27.87, 36.43,
2002,23, 0.288,307.71, 43.96, 27.43, 35.69,
2002,24, 0.288,308.72, 42.37, 27.65, 35.01,
2002,25, 0.289,309.61, 41.56, 27.50, 34.53,
2002,26, 0.287,310.36, 40.03, 26.83, 33.43,
2002,27, 0.284,310.55, 38.27, 28.80, 33.54,
2002,28, 0.282,310.74, 37.28, 28.82, 33.05,
2002,29, 0.280,310.75, 36.52, 29.37, 32.94,
2002,30, 0.278,310.74, 36.04, 29.07, 32.56,
2002,31, 0.275,310.74, 35.36, 27.50, 31.43,
2002,32, 0.273,310.43, 35.62, 27.64, 31.63,
2002,33, 0.271,309.96, 36.39, 27.96, 32.18,
2002,34, 0.269,309.33, 37.11, 28.51, 32.81,
2002,35, 0.267,308.59, 37.99, 28.86, 33.43,
2002,36, 0.266,307.62, 39.69, 29.74, 34.71,
2002,37, 0.264,306.43, 40.86, 31.07, 35.97,
2002,38, 0.261,305.15, 42.15, 31.13, 36.64,
2002,39, 0.257,303.71, 42.23, 31.15, 36.69,
2002,40, 0.253,301.84, 42.89, 34.50, 38.69,
2002,41, 0.250,299.98, 43.89, 37.03, 40.46,
2002,42, 0.245,297.93, 44.52, 39.09, 41.80,
2002,43, 0.239,295.82, 44.87, 40.86, 42.87,
2002,44, 0.235,293.93, 46.98, 39.74, 43.36,
2002,45, 0.232,291.96, 49.13, 39.23, 44.18,
2002,46, 0.230,290.15, 51.05, 38.82, 44.94,
2002,47, 0.226,288.48, 51.75, 38.32, 45.04,
2002,48, 0.220,286.71, 50.95, 39.28, 45.12,
2002,49, 0.215,284.94, 49.59, 40.39, 44.99,
2002,50, 0.207,283.15, 45.35, 48.59, 46.97,
2002,51, 0.205,282.37, 44.53, 49.83, 47.18,
2002,52, 0.204,281.95, 43.81, 50.62, 47.21,
2003, 1, 0.212,282.50, 47.76, 44.36, 46.06,
2003, 2, 0.223,283.46, 51.74, 37.46, 44.60,
2003, 3, 0.235,284.46, 55.70, 33.36, 44.53,
2003, 4, 0.246,285.12, 58.71, 34.18, 46.44,
2003, 5, 0.257,285.64, 61.53, 35.96, 48.74,
2003, 6, 0.266,286.29, 63.62, 38.08, 50.85,
2003, 7, 0.274,287.16, 65.15, 39.39, 52.27,
2003, 8, 0.279,287.97, 65.22, 41.49, 53.36,
2003, 9,-1.000, -1.00, -1.00, -1.00, -1.00,
2003,10, 0.286,289.51, 64.70, 48.98, 56.84,
2003,11, 0.288,290.34, 63.48, 51.84, 57.66,
2003,12, 0.291,291.36, 62.50, 52.16, 57.33,
2003,13, 0.289,292.09, 59.13, 55.31, 57.22,
2003,14, 0.286,293.08, 55.54, 56.82, 56.18,
2003,15, 0.283,294.10, 52.69, 57.71, 55.20,
2003,16, 0.281,295.08, 50.38, 59.59, 54.99,
2003,17, 0.282,296.21, 49.23, 61.37, 55.30,
2003,18, 0.285,297.70, 49.52, 60.80, 55.16,
2003,19, 0.289,299.81, 51.15, 53.80, 52.47,
2003,20, 0.293,302.20, 52.99, 44.44, 48.72,
2003,21, 0.294,304.19, 52.39, 37.21, 44.80,
2003,22, 0.295,305.65, 50.96, 34.75, 42.86,
2003,23, 0.295,306.54, 48.68, 36.96, 42.82,
2003,24, 0.295,307.36, 47.42, 38.66, 43.04,
2003,25, 0.298,308.15, 48.27, 39.24, 43.76,
2003,26, 0.298,308.85, 48.54, 39.00, 43.77,
2003,27, 0.296,309.29, 47.00, 37.79, 42.40,
2003,28, 0.292,309.44, 44.76, 36.81, 40.78,
2003,29, 0.288,309.10, 42.06, 39.33, 40.70,
2003,30, 0.285,308.37, 40.44, 43.93, 42.18,
2003,31, 0.284,307.68, 40.36, 47.32, 43.84,
2003,32, 0.283,307.28, 41.18, 47.03, 44.11,
2003,33, 0.281,307.05, 41.66, 45.13, 43.40,
2003,34, 0.280,306.71, 42.89, 44.68, 43.78,
2003,35, 0.279,306.54, 44.18, 41.52, 42.85,
2003,36, 0.276,306.23, 45.73, 38.01, 41.87,
2003,37, 0.274,305.71, 47.32, 35.80, 41.56,
2003,38, 0.271,304.80, 48.49, 34.08, 41.28,
2003,39, 0.267,303.79, 49.24, 30.81, 40.03,
2003,40, 0.263,302.49, 49.94, 29.03, 39.49,
2003,41, 0.258,300.88, 50.02, 29.12, 39.57,
2003,42, 0.251,298.89, 48.93, 30.51, 39.72,
2003,43, 0.245,296.29, 49.18, 36.42, 42.80,
2003,44, 0.238,293.10, 49.60, 46.62, 48.11,
2003,45, 0.229,290.28, 48.79, 53.10, 50.95,
2003,46, 0.219,287.74, 47.70, 58.10, 52.90,
2003,47, 0.212,285.65, 47.52, 60.86, 54.19,
2003,48, 0.205,283.91, 47.00, 61.23, 54.12,
2003,49, 0.197,282.33, 45.61, 60.92, 53.27,
2003,50, 0.190,280.77, 41.89, 68.61, 55.25,
2003,51, 0.185,279.34, 40.34, 73.49, 56.92,
2003,52, 0.182,278.41, 39.94, 76.19, 58.07,
2004, 1, 0.180,277.69, 38.91, 81.01, 59.96,
2004, 2,-1.000, -1.00, -1.00, -1.00, -1.00,
2004, 3,-1.000, -1.00, -1.00, -1.00, -1.00,
2004, 4,-1.000, -1.00, -1.00, -1.00, -1.00,
2004, 5, 0.203,280.46, 42.80, 76.10, 59.45,
2004, 6, 0.212,281.83, 43.91, 72.44, 58.17,
2004, 7, 0.221,283.05, 44.40, 69.76, 57.08,
2004, 8, 0.228,284.16, 44.25, 68.26, 56.25,
2004, 9, 0.234,284.92, 43.04, 69.62, 56.33,
2004,10, 0.241,286.45, 42.67, 66.95, 54.81,
2004,11,-1.000, -1.00, -1.00, -1.00, -1.00,
2004,12,-1.000, -1.00, -1.00, -1.00, -1.00,
2004,13,-1.000, -1.00, -1.00, -1.00, -1.00,
2004,14,-1.000, -1.00, -1.00, -1.00, -1.00,
2004,15,-1.000, -1.00, -1.00, -1.00, -1.00,
2004,16,-1.000, -1.00, -1.00, -1.00, -1.00,
2004,17,-1.000, -1.00, -1.00, -1.00, -1.00,
2004,18,-1.000, -1.00, -1.00, -1.00, -1.00,
2004,19,-1.000, -1.00, -1.00, -1.00, -1.00,
2004,20,-1.000, -1.00, -1.00, -1.00, -1.00,
2004,21,-1.000, -1.00, -1.00, -1.00, -1.00,
2004,22,-1.000, -1.00, -1.00, -1.00, -1.00,
2004,23,-1.000, -1.00, -1.00, -1.00, -1.00,
2004,24,-1.000, -1.00, -1.00, -1.00, -1.00,
2004,25, 0.296,309.20, 46.51, 30.59, 38.55,
2004,26, 0.296,309.44, 46.79, 34.08, 40.44,
2004,27, 0.295,309.66, 46.78, 35.54, 41.16,
2004,28, 0.294,309.85, 46.85, 35.63, 41.24,
2004,29,-1.000, -1.00, -1.00, -1.00, -1.00,
2004,30, 0.291,309.90, 46.60, 35.81, 41.20,
2004,31, 0.288,309.74, 45.78, 35.65, 40.72,
2004,32, 0.285,309.39, 45.47, 36.43, 40.95,
2004,33, 0.282,308.93, 45.29, 36.71, 41.00,
2004,34, 0.280,308.22, 45.99, 38.64, 42.32,
2004,35, 0.279,307.44, 47.26, 39.60, 43.43,
2004,36, 0.275,306.44, 47.88, 41.08, 44.48,
2004,37, 0.273,305.09, 49.01, 44.49, 46.75,
2004,38, 0.270,303.81, 49.82, 44.43, 47.13,
2004,39, 0.264,301.92, 48.41, 48.08, 48.25,
2004,40, 0.258,299.95, 47.08, 52.22, 49.65,
2004,41, 0.253,297.88, 47.06, 56.59, 51.82,
2004,42, 0.247,295.19, 47.27, 63.55, 55.41,
2004,43, 0.243,292.34, 49.47, 71.09, 60.28,
2004,44, 0.243,290.01, 54.03, 72.55, 63.29,
2004,45, 0.246,288.13, 59.32, 70.56, 64.94,
2004,46, 0.246,286.47, 62.49, 68.16, 65.33,
2004,47, 0.247,284.99, 65.75, 65.96, 65.85,
2004,48, 0.249,284.29, 68.46, 58.76, 63.61,
2004,49, 0.248,283.43, 69.14, 53.19, 61.17,
2004,50, 0.248,282.78, 69.03, 54.41, 61.72,
2004,51, 0.246,282.52, 68.39, 51.08, 59.73,
2004,52, 0.240,281.89, 65.31, 52.13, 58.72,
2005, 1, 0.236,281.22, 64.07, 55.81, 59.94,
2005, 2, 0.235,280.90, 62.39, 57.46, 59.93,
2005, 3, 0.237,281.21, 62.01, 56.96, 59.49,
2005, 4, 0.243,282.09, 63.01, 54.96, 58.98,
2005, 5, 0.248,282.69, 63.41, 56.08, 59.75,
2005, 6, 0.255,283.33, 64.21, 58.40, 61.31,
2005, 7, 0.262,284.20, 64.90, 60.15, 62.53,
2005, 8, 0.271,285.22, 66.25, 60.95, 63.60,
2005, 9, 0.283,286.69, 69.31, 59.92, 64.62,
2005,10, 0.293,287.98, 71.45, 59.49, 65.47,
2005,11, 0.302,289.24, 73.34, 58.65, 65.99,
2005,12, 0.310,290.49, 74.35, 57.32, 65.84,
2005,13, 0.310,291.26, 72.81, 60.43, 66.62,
2005,14, 0.310,292.23, 70.96, 62.34, 66.65,
2005,15, 0.309,293.42, 69.39, 62.11, 65.75,
2005,16, 0.306,294.59, 67.06, 62.67, 64.86,
2005,17,-1.000, -1.00, -1.00, -1.00, -1.00,
2005,18, 0.298,296.80, 60.95, 66.55, 63.75,
2005,19, 0.298,298.07, 60.01, 66.07, 63.04,
2005,20, 0.281,299.46, 47.56, 62.25, 54.90,
2005,21, 0.307,301.44, 64.57, 58.38, 61.47,
2005,22, 0.312,303.04, 66.21, 56.02, 61.11,
2005,23, 0.314,304.22, 66.17, 56.71, 61.44,
2005,24, 0.316,305.19, 65.67, 57.61, 61.64,
2005,25, 0.318,306.39, 66.23, 55.00, 60.62,
2005,26, 0.318,307.52, 66.08, 51.07, 58.58,
2005,27, 0.318,308.51, 65.86, 45.46, 55.66,
2005,28, 0.317,309.05, 65.40, 41.63, 53.52,
2005,29, 0.313,308.27, 63.56, 49.08, 56.32,
2005,30, 0.311,308.70, 62.78, 42.58, 52.68,
2005,31, 0.309,308.41, 62.44, 43.10, 52.77,
2005,32, 0.308,308.26, 63.52, 42.36, 52.94,
2005,33, 0.308,308.03, 65.17, 42.46, 53.82,
2005,34, 0.307,307.53, 66.31, 44.37, 55.34,
2005,35, 0.304,306.79, 67.28, 45.83, 56.56,
2005,36, 0.301,305.74, 67.96, 47.63, 57.79,
2005,37, 0.298,304.57, 68.52, 49.44, 58.98,
2005,38, 0.293,303.22, 68.46, 50.10, 59.28,
2005,39, 0.288,301.84, 68.48, 49.34, 58.91,
2005,40, 0.283,300.52, 68.27, 47.35, 57.81,
2005,41, 0.276,298.91, 66.78, 47.41, 57.10,
2005,42, 0.268,297.15, 64.64, 46.52, 55.58,
2005,43, 0.262,295.55, 64.33, 43.56, 53.94,
2005,44, 0.255,293.92, 64.22, 39.90, 52.06,
2005,45, 0.249,292.60, 65.01, 33.81, 49.41,
2005,46, 0.247,291.34, 66.80, 29.16, 47.98,
2005,47, 0.242,289.65, 67.16, 29.85, 48.51,
2005,48, 0.235,287.81, 65.84, 32.07, 48.95,
2005,49, 0.226,286.43, 63.05, 30.77, 46.91,
2005,50, 0.216,285.44, 57.78, 31.63, 44.71,
2005,51, 0.207,284.74, 53.72, 31.59, 42.65,
2005,52, 0.204,284.38, 51.93, 30.96, 41.44,
2006, 1, 0.204,284.28, 52.61, 28.05, 40.33,
2006, 2, 0.207,284.34, 53.13, 28.82, 40.97,
2006, 3, 0.213,284.55, 54.15, 31.33, 42.74,
2006, 4, 0.222,285.30, 56.45, 31.26, 43.85,
2006, 5, 0.231,285.91, 57.92, 32.44, 45.18,
2006, 6, 0.239,286.59, 58.51, 34.35, 46.43,
2006, 7, 0.243,287.10, 57.45, 37.48, 47.47,
2006, 8, 0.242,287.25, 53.93, 44.74, 49.34,
2006, 9, 0.239,287.18, 48.85, 55.72, 52.28,
2006,10, 0.237,287.39, 43.94, 63.84, 53.89,
2006,11, 0.235,287.90, 38.37, 68.83, 53.60,
2006,12, 0.239,288.91, 35.99, 69.14, 52.57,
2006,13, 0.245,290.36, 36.03, 66.86, 51.45,
2006,14, 0.252,291.99, 36.96, 63.81, 50.39,
2006,15, 0.260,293.77, 39.27, 59.38, 49.33,
2006,16, 0.270,295.88, 42.73, 53.22, 47.97,
2006,17, 0.280,298.11, 46.65, 46.45, 46.55,
2006,18, 0.288,300.16, 50.20, 40.75, 45.47,
2006,19, 0.292,301.68, 52.07, 37.77, 44.92,
2006,20, 0.295,302.86, 53.40, 38.20, 45.80,
2006,21, 0.297,304.25, 54.53, 35.28, 44.91,
2006,22, 0.299,305.48, 54.80, 34.53, 44.67,
2006,23, 0.300,306.44, 53.53, 36.04, 44.79,
2006,24, 0.301,307.50, 52.15, 35.66, 43.91,
2006,25, 0.301,308.43, 51.34, 34.93, 43.13,
2006,26, 0.300,309.13, 49.67, 34.18, 41.93,
2006,27, 0.297,309.33, 47.53, 35.55, 41.54,
2006,28, 0.296,309.41, 46.95, 36.66, 41.81,
2006,29, 0.295,309.58, 47.82, 36.69, 42.26,
2006,30, 0.295,309.55, 49.09, 37.71, 43.40,
2006,31, 0.295,309.45, 51.05, 37.90, 44.47,
2006,32, 0.295,309.25, 52.74, 37.33, 45.04,
2006,33, 0.294,308.76, 54.15, 38.35, 46.25,
2006,34, 0.293,308.23, 55.73, 39.26, 47.49,
2006,35, 0.290,307.46, 56.50, 39.94, 48.22,
2006,36, 0.287,306.30, 56.96, 42.33, 49.64,
2006,37, 0.283,305.02, 57.43, 45.12, 51.27,
2006,38, 0.279,303.53, 57.95, 47.40, 52.68,
2006,39, 0.275,301.98, 58.51, 48.17, 53.34,
2006,40, 0.272,300.51, 59.03, 47.72, 53.37,
2006,41, 0.268,299.11, 59.81, 45.81, 52.81,
2006,42, 0.264,297.74, 60.16, 41.40, 50.78,
2006,43, 0.257,296.07, 60.26, 39.23, 49.74,
2006,44, 0.252,294.27, 61.00, 37.37, 49.18,
2006,45, 0.247,292.86, 61.94, 32.35, 47.14,
2006,46, 0.240,291.05, 61.40, 32.63, 47.02,
2006,47, 0.236,289.23, 61.79, 34.29, 48.04,
2006,48, 0.232,287.52, 61.79, 35.45, 48.62,
2006,49, 0.229,286.05, 61.81, 35.34, 48.58,
2006,50, 0.227,284.93, 60.56, 39.21, 49.88,
2006,51, 0.225,283.98, 59.61, 42.56, 51.08,
2006,52, 0.227,283.52, 59.98, 43.77, 51.87,
2007, 1, 0.231,283.72, 63.51, 40.60, 52.06,
2007, 2, 0.233,284.08, 63.04, 38.38, 50.71,
2007, 3, 0.234,285.03, 61.57, 33.15, 47.36,
2007, 4, 0.234,286.03, 58.69, 29.69, 44.19,
2007, 5, 0.234,287.08, 56.54, 26.09, 41.32,
2007, 6, 0.236,288.12, 54.81, 24.23, 39.52,
2007, 7, 0.237,289.10, 52.94, 23.88, 38.41,
2007, 8, 0.241,290.22, 51.88, 22.99, 37.44,
2007, 9, 0.248,291.49, 52.04, 22.36, 37.20,
2007,10, 0.255,293.23, 51.90, 19.32, 35.61,
2007,11, 0.263,294.78, 51.61, 17.76, 34.68,
2007,12, 0.268,295.93, 50.33, 18.10, 34.21,
2007,13, 0.273,296.97, 49.71, 19.71, 34.71,
2007,14, 0.278,297.71, 49.68, 23.31, 36.49,
2007,15, 0.281,298.53, 49.19, 26.68, 37.93,
2007,16, 0.284,299.61, 48.79, 27.99, 38.39,
2007,17, 0.287,301.02, 48.92, 27.28, 38.10,
2007,18, 0.288,302.51, 48.57, 25.70, 37.13,
2007,19, 0.289,303.83, 48.30, 23.92, 36.11,
2007,20, 0.289,305.24, 48.30, 22.69, 35.50,
2007,21, 0.289,306.36, 47.73, 21.65, 34.69,
2007,22, 0.289,307.20, 46.97, 23.28, 35.13,
2007,23, 0.289,308.21, 45.72, 24.03, 34.88,
2007,24, 0.290,309.10, 44.65, 24.76, 34.70,
2007,25, 0.291,309.88, 44.47, 25.53, 35.00,
2007,26, 0.290,310.48, 43.70, 26.58, 35.14,
2007,27, 0.288,310.76, 42.55, 27.56, 35.05,
2007,28, 0.285,310.88, 40.79, 27.74, 34.27,
2007,29, 0.282,310.75, 39.05, 29.34, 34.19,
2007,30, 0.280,310.53, 38.33, 31.12, 34.73,
2007,31, 0.278,310.29, 37.54, 31.45, 34.50,
2007,32, 0.276,309.96, 37.61, 31.56, 34.59,
2007,33, 0.274,309.55, 38.10, 31.37, 34.74,
2007,34, 0.272,308.91, 38.43, 32.94, 35.68,
2007,35, 0.269,307.97, 39.02, 35.93, 37.48,
2007,36, 0.266,306.80, 40.39, 38.45, 39.42,
2007,37, 0.265,305.44, 42.93, 41.71, 42.32,
2007,38, 0.265,303.77, 46.05, 45.87, 45.96,
2007,39, 0.262,302.08, 47.64, 47.98, 47.81,
2007,40, 0.259,300.53, 49.12, 47.92, 48.52,
2007,41, 0.257,299.15, 50.66, 45.49, 48.07,
2007,42, 0.252,297.84, 50.64, 40.47, 45.55,
2007,43, 0.248,296.55, 51.99, 34.69, 43.34,
2007,44, 0.244,294.94, 53.31, 30.86, 42.09,
2007,45, 0.240,293.28, 54.82, 28.08, 41.45,
2007,46, 0.236,291.32, 55.84, 29.69, 42.76,
2007,47, 0.229,289.30, 55.65, 33.00, 44.32,
2007,48, 0.223,287.41, 55.26, 35.57, 45.41,
2007,49, 0.216,285.53, 53.46, 38.38, 45.92,
2007,50, 0.205,283.87, 48.59, 45.51, 47.05,
2007,51, 0.198,282.76, 45.53, 49.15, 47.34,
2007,52, 0.192,282.19, 43.34, 50.65, 47.00,
2008, 1, 0.189,281.67, 41.55, 54.46, 48.01,
2008, 2, 0.189,281.51, 41.00, 56.34, 48.67,
2008, 3, 0.193,281.95, 41.66, 55.09, 48.38,
2008, 4, 0.199,282.60, 42.73, 54.46, 48.60,
2008, 5, 0.206,283.40, 44.15, 52.79, 48.47,
2008, 6, 0.214,284.38, 45.24, 50.86, 48.05,
2008, 7, 0.224,285.78, 47.12, 46.70, 46.91,
2008, 8, 0.237,287.57, 49.68, 40.72, 45.20,
2008, 9, 0.251,289.29, 53.15, 36.97, 45.06,
2008,10, 0.261,290.67, 54.80, 36.81, 45.81,
2008,11, 0.268,292.08, 55.04, 36.26, 45.65,
2008,12, 0.276,293.72, 55.71, 32.99, 44.35,
2008,13, 0.282,295.38, 56.08, 30.03, 43.06,
2008,14, 0.284,296.56, 54.49, 30.35, 42.42,
2008,15, 0.286,297.81, 53.54, 30.56, 42.05,
2008,16, 0.289,299.33, 53.73, 28.86, 41.29,
2008,17, 0.289,300.58, 52.08, 29.43, 40.75,
2008,18, 0.288,301.82, 50.17, 29.88, 40.02,
2008,19, 0.286,302.84, 48.31, 30.96, 39.63,
2008,20, 0.286,303.79, 47.80, 33.30, 40.55,
2008,21, 0.286,305.02, 47.49, 31.76, 39.62,
2008,22, 0.287,306.27, 46.93, 30.33, 38.63,
2008,23, 0.288,307.53, 45.59, 29.13, 37.36,
2008,24, 0.287,308.81, 43.50, 26.48, 34.99,
2008,25, 0.286,309.85, 41.19, 24.58, 32.88,
2008,26, 0.282,310.76, 38.60, 22.05, 30.32,
2008,27, 0.279,311.12, 36.28, 22.28, 29.28,
2008,28, 0.278,311.21, 35.81, 23.50, 29.66,
2008,29, 0.278,311.39, 36.97, 22.80, 29.89,
2008,30, 0.279,311.48, 38.31, 22.02, 30.16,
2008,31, 0.279,311.22, 39.58, 23.03, 31.30,
2008,32, 0.278,310.86, 40.71, 23.90, 32.31,
2008,33, 0.277,310.36, 41.69, 24.02, 32.85,
2008,34, 0.276,309.63, 42.46, 24.95, 33.71,
2008,35, 0.274,308.88, 43.93, 24.89, 34.41,
2008,36, 0.273,308.11, 46.05, 23.82, 34.93,
2008,37, 0.270,307.12, 46.85, 23.40, 35.13,
2008,38, 0.267,305.75, 47.46, 24.98, 36.22,
2008,39, 0.265,304.37, 49.92, 24.93, 37.43,
2008,40, 0.264,303.11, 52.68, 22.66, 37.67,
2008,41, 0.262,301.76, 54.80, 20.47, 37.63,
2008,42, 0.259,300.33, 55.69, 17.10, 36.39,
2008,43, 0.255,298.79, 57.48, 13.79, 35.64,
2008,44, 0.249,296.93, 57.91, 12.74, 35.33,
2008,45, 0.244,295.03, 57.98, 12.60, 35.29,
2008,46, 0.241,293.30, 58.80, 13.03, 35.91,
2008,47, 0.240,291.59, 61.06, 14.51, 37.78,
2008,48, 0.240,290.19, 62.40, 13.66, 38.03,
2008,49, 0.236,288.56, 62.09, 14.44, 38.27,
2008,50, 0.232,286.86, 60.00, 20.35, 40.17,
2008,51, 0.227,285.37, 58.25, 28.06, 43.16,
2008,52, 0.226,284.62, 58.01, 31.97, 44.99,
2009, 1, 0.228,284.76, 60.57, 28.73, 44.65,
2009, 2, 0.233,285.36, 62.00, 24.72, 43.36,
2009, 3, 0.239,285.89, 63.36, 24.18, 43.77,
2009, 4, 0.243,286.29, 63.60, 26.68, 45.14,
2009, 5, 0.243,286.27, 61.91, 32.30, 47.11,
2009, 6, 0.243,286.34, 60.08, 38.45, 49.27,
2009, 7, 0.247,287.04, 59.43, 40.15, 49.79,
2009, 8, 0.253,287.90, 59.22, 41.49, 50.36,
2009, 9, 0.261,289.22, 60.14, 40.70, 50.42,
2009,10, 0.270,290.58, 61.59, 40.10, 50.85,
2009,11, 0.277,291.92, 61.39, 39.39, 50.39,
2009,12, 0.283,293.38, 60.93, 36.81, 48.87,
2009,13, 0.287,294.74, 60.05, 35.76, 47.90,
2009,14, 0.290,296.24, 58.59, 33.80, 46.20,
2009,15, 0.291,297.64, 56.97, 32.58, 44.78,
2009,16, 0.290,298.87, 54.80, 32.74, 43.77,
2009,17, 0.290,300.29, 52.46, 31.82, 42.14,
2009,18, 0.288,301.92, 50.24, 28.98, 39.61,
2009,19, 0.288,303.38, 48.84, 26.15, 37.50,
2009,20, 0.285,304.48, 47.24, 26.91, 37.07,
2009,21, 0.282,305.09, 44.97, 29.77, 37.37,
2009,22, 0.280,305.67, 42.13, 33.48, 37.80,
2009,23, 0.279,306.34, 39.94, 37.08, 38.51,
2009,24, 0.278,306.90, 37.28, 41.42, 39.35,
2009,25, 0.281,307.91, 38.60, 40.72, 39.66,
2009,26, 0.286,309.16, 41.52, 35.92, 38.72,
2009,27, 0.287,310.11, 42.56, 31.14, 36.85,
2009,28, 0.285,310.67, 41.87, 28.05, 34.96,
2009,29, 0.283,310.77, 41.62, 28.41, 35.01,
2009,30, 0.281,310.76, 41.58, 28.66, 35.12,
2009,31, 0.281,310.98, 42.25, 25.23, 33.74,
2009,32, 0.280,311.04, 43.50, 21.91, 32.70,
2009,33, 0.279,310.58, 44.30, 22.29, 33.30,
2009,34, 0.277,309.97, 44.88, 23.00, 33.94,
2009,35, 0.275,309.27, 45.32, 22.50, 33.91,
2009,36, 0.273,308.22, 46.89, 23.58, 35.24,
2009,37, 0.272,307.01, 49.04, 25.20, 37.12,
2009,38, 0.269,305.46, 50.95, 28.32, 39.64,
2009,39, 0.267,303.63, 52.69, 32.52, 42.61,
2009,40, 0.265,301.74, 54.70, 36.35, 45.53,
2009,41, 0.263,299.81, 56.79, 39.65, 48.22,
2009,42, 0.262,297.85, 59.00, 40.93, 49.96,
2009,43, 0.259,295.82, 60.44, 42.16, 51.30,
2009,44, 0.256,294.08, 62.57, 39.35, 50.96,
2009,45, 0.254,292.54, 65.12, 35.31, 50.22,
2009,46, 0.250,290.82, 65.72, 34.73, 50.23,
2009,47, 0.244,289.17, 64.78, 34.84, 49.81,
2009,48, 0.236,287.37, 62.32, 36.54, 49.43,
2009,49, 0.229,285.64, 59.55, 37.65, 48.60,
2009,50, 0.223,284.73, 55.39, 38.43, 46.91,
2009,51, 0.214,283.84, 51.00, 39.83, 45.41,
2009,52, 0.208,283.30, 47.94, 40.87, 44.40,
2010, 1, 0.192,282.71, 37.97, 43.39, 40.68,
2010, 2, 0.186,282.15, 34.61, 48.64, 41.63,
2010, 3, 0.184,281.85, 32.87, 53.83, 43.35,
2010, 4, 0.185,281.86, 32.10, 58.69, 45.40,
2010, 5, 0.193,282.58, 33.91, 58.93, 46.42,
2010, 6, 0.206,283.69, 37.46, 57.84, 47.65,
2010, 7, 0.217,284.79, 40.48, 57.64, 49.06,
2010, 8, 0.230,286.05, 43.80, 56.60, 50.20,
2010, 9, 0.243,287.19, 47.08, 57.78, 52.43,
2010,10, 0.256,288.56, 50.33, 56.36, 53.35,
2010,11, 0.267,290.16, 52.78, 52.52, 52.65,
2010,12, 0.273,291.57, 53.48, 49.49, 51.48,
2010,13, 0.279,293.13, 54.11, 46.26, 50.19,
2010,14, 0.282,294.21, 54.00, 47.11, 50.56,
2010,15, 0.284,295.02, 53.77, 50.16, 51.97,
2010,16, 0.287,296.14, 54.34, 51.29, 52.82,
2010,17, 0.290,297.27, 54.62, 52.98, 53.80,
2010,18, 0.291,298.34, 54.47, 55.22, 54.84,
2010,19, 0.290,299.14, 53.58, 58.37, 55.98,
2010,20, 0.288,300.14, 52.99, 59.72, 56.36,
2010,21, 0.287,301.31, 51.30, 59.30, 55.30,
2010,22, 0.287,302.64, 49.71, 59.11, 54.41,
2010,23, 0.289,304.03, 48.68, 58.44, 53.56,
2010,24, 0.292,305.47, 48.48, 55.69, 52.08,
2010,25, 0.293,306.85, 48.13, 51.67, 49.90,
2010,26, 0.293,307.98, 47.29, 47.82, 47.55,
2010,27, 0.292,308.74, 46.23, 44.83, 45.53,
2010,28, 0.291,309.27, 45.73, 41.94, 43.83,
2010,29, 0.291,309.68, 45.92, 39.33, 42.63,
2010,30, 0.291,309.87, 46.85, 37.60, 42.22,
2010,31, 0.291,309.84, 48.40, 37.13, 42.77,
2010,32, 0.290,309.80, 49.98, 35.26, 42.62,
2010,33, 0.289,309.53, 51.14, 33.67, 42.41,
2010,34, 0.287,308.91, 51.98, 34.63, 43.31,
2010,35, 0.285,308.15, 53.25, 35.07, 44.16,
2010,36, 0.282,307.00, 53.49, 37.25, 45.37,
2010,37, 0.278,305.99, 53.61, 36.76, 45.19,
2010,38, 0.273,304.72, 53.14, 36.44, 44.79,
2010,39, 0.267,303.08, 51.61, 38.12, 44.87,
2010,40, 0.260,301.10, 48.87, 42.16, 45.52,
2010,41, 0.252,298.72, 46.79, 49.28, 48.04,
2010,42, 0.246,296.59, 46.29, 51.82, 49.05,
2010,43, 0.242,294.56, 48.51, 52.96, 50.74,
2010,44, 0.237,292.16, 50.10, 56.03, 53.06,
2010,45, 0.230,290.06, 51.70, 56.41, 54.05,
2010,46, 0.225,288.34, 53.06, 54.80, 53.93,
2010,47, 0.217,286.55, 52.16, 55.08, 53.62,
2010,48, 0.210,285.06, 50.49, 53.42, 51.96,
2010,49, 0.203,283.66, 48.52, 51.83, 50.18,
2010,50, 0.200,282.81, 46.03, 53.82, 49.92,
2010,51, 0.202,282.39, 46.57, 51.91, 49.24,
2010,52, 0.208,282.50, 48.72, 48.05, 48.38,
2011, 1, 0.215,282.80, 52.26, 44.99, 48.62,
2011, 2, 0.224,283.54, 56.19, 40.11, 48.15,
2011, 3, 0.234,284.91, 60.12, 32.07, 46.09,
2011, 4, 0.243,286.04, 62.58, 28.09, 45.33,
2011, 5, 0.247,286.20, 62.18, 32.30, 47.24,
2011, 6, 0.250,286.59, 61.57, 35.91, 48.74,
2011, 7, 0.254,287.31, 61.06, 37.21, 49.14,
2011, 8, 0.251,287.54, 56.84, 43.20, 50.02,
2011, 9, 0.247,287.84, 51.60, 50.05, 50.83,
2011,10, 0.246,288.33, 47.48, 55.60, 51.54,
2011,11, 0.249,289.22, 44.97, 57.92, 51.44,
2011,12, 0.253,290.40, 43.13, 56.81, 49.97,
2011,13, 0.257,291.63, 42.15, 56.22, 49.19,
2011,14, 0.261,292.83, 42.05, 56.62, 49.33,
2011,15, 0.267,294.19, 43.75, 55.59, 49.67,
2011,16, 0.273,295.68, 45.53, 54.34, 49.93,
2011,17, 0.276,297.04, 46.06, 54.62, 50.34,
2011,18, 0.277,298.08, 45.43, 57.27, 51.35,
2011,19, 0.279,299.35, 46.09, 56.54, 51.31,
2011,20, 0.281,300.57, 47.45, 56.00, 51.73,
2011,21, 0.281,301.49, 47.03, 57.52, 52.27,
2011,22, 0.283,302.61, 46.53, 58.94, 52.73,
2011,23, 0.287,304.11, 46.94, 57.28, 52.11,
2011,24, 0.292,305.69, 48.20, 53.22, 50.71,
2011,25, 0.295,306.96, 49.52, 50.38, 49.95,
2011,26, 0.298,307.75, 50.53, 50.27, 50.40,
2011,27, 0.299,308.40, 51.64, 49.14, 50.39,
2011,28, 0.300,308.87, 52.54, 47.71, 50.13,
2011,29, 0.300,309.30, 53.76, 45.02, 49.39,
2011,30, 0.300,309.48, 54.73, 43.31, 49.02,
2011,31, 0.299,309.63, 55.17, 40.36, 47.77,
2011,32, 0.297,309.66, 55.25, 37.20, 46.23,
2011,33, 0.294,309.22, 54.06, 36.57, 45.31,
2011,34, 0.290,308.62, 52.84, 36.63, 44.73,
2011,35, 0.286,307.99, 52.20, 35.68, 43.94,
2011,36, 0.281,307.09, 50.95, 34.87, 42.91,
2011,37, 0.276,305.83, 50.17, 36.91, 43.54,
2011,38, 0.272,304.23, 49.96, 40.34, 45.15,
2011,39, 0.268,302.64, 50.36, 41.91, 46.13,
2011,40, 0.265,301.11, 51.64, 42.06, 46.85,
2011,41, 0.263,299.48, 54.44, 42.20, 48.32,
2011,42, 0.263,297.81, 57.53, 40.70, 49.12,
2011,43, 0.259,295.87, 59.32, 40.80, 50.06,
2011,44, 0.255,293.95, 61.15, 39.88, 50.52,
2011,45, 0.252,292.13, 62.49, 38.51, 50.50,
2011,46, 0.248,290.45, 62.93, 37.44, 50.18,
2011,47, 0.246,289.24, 64.25, 33.98, 49.12,
2011,48, 0.246,288.35, 65.52, 28.74, 47.13,
2011,49, 0.246,287.63, 66.73, 22.69, 44.71,
2011,50, 0.247,287.40, 67.26, 17.02, 42.14,
2011,51, 0.246,287.33, 67.18, 12.83, 40.01,
2011,52, 0.245,287.36, 66.49, 10.13, 38.31,
2012, 1, 0.245,287.45, 64.67,  9.60, 37.14,
2012, 2, 0.245,287.68, 63.63,  9.05, 36.34,
2012, 3, 0.245,287.93, 62.41, 10.35, 36.38,
2012, 4, 0.243,288.01, 59.81, 13.60, 36.70,
2012, 5, 0.241,288.12, 57.57, 17.29, 37.43,
2012, 6, 0.242,288.64, 55.89, 20.03, 37.96,
2012, 7, 0.243,289.29, 54.22, 22.50, 38.36,
2012, 8, 0.244,289.96, 52.29, 25.33, 38.81,
2012, 9, 0.242,290.38, 48.66, 31.10, 39.88,
2012,10, 0.240,290.94, 44.53, 36.57, 40.55,
2012,11, 0.238,291.51, 39.61, 41.93, 40.77,
2012,12, 0.240,292.47, 36.30, 43.33, 39.82,
2012,13, 0.242,293.58, 33.84, 44.00, 38.92,
2012,14, 0.249,295.06, 34.18, 42.24, 38.21,
2012,15, 0.258,296.92, 36.47, 37.57, 37.02,
2012,16, 0.268,298.97, 40.05, 32.13, 36.09,
2012,17, 0.277,300.76, 42.89, 28.61, 35.75,
2012,18, 0.284,302.25, 45.61, 27.25, 36.43,
2012,19, 0.289,303.37, 47.90, 27.50, 37.70,
2012,20, 0.292,304.27, 49.89, 30.23, 40.06,
2012,21, 0.294,304.89, 50.73, 33.60, 42.16,
2012,22, 0.296,306.53, 50.84, 29.30, 40.07,
2012,23, 0.298,307.23, 50.66, 33.01, 41.83,
2012,24, 0.298,307.82, 49.68, 36.73, 43.20,
2012,25, 0.298,308.43, 49.10, 38.87, 43.99,
2012,26, 0.298,308.98, 48.87, 39.92, 44.39,
2012,27, 0.293,309.52, 45.48, 37.64, 41.56,
2012,28, 0.291,309.85, 44.59, 35.87, 40.23,
2012,29, 0.288,310.04, 42.98, 33.95, 38.47,
2012,30, 0.283,310.01, 40.01, 32.48, 36.24,
2012,31, 0.279,309.84, 37.51, 31.31, 34.41,
2012,32, 0.274,309.45, 35.73, 31.55, 33.64,
2012,33, 0.271,309.10, 35.07, 30.73, 32.90,
2012,34, 0.269,308.61, 35.14, 30.79, 32.96,
2012,35, 0.267,308.05, 36.64, 30.57, 33.60,
2012,36, 0.266,307.47, 38.56, 28.99, 33.77,
2012,37, 0.263,306.74, 39.42, 26.98, 33.20,
2012,38, 0.261,305.99, 40.76, 23.15, 31.96,
2012,39, 0.257,304.80, 41.57, 21.85, 31.71,
2012,40, 0.254,303.34, 42.44, 21.97, 32.21,
2012,41, 0.251,301.74, 44.29, 22.42, 33.35,
2012,42, 0.247,299.87, 45.46, 23.00, 34.23,
2012,43, 0.243,298.02, 47.46, 22.19, 34.82,
2012,44, 0.238,296.12, 49.32, 21.41, 35.36,
2012,45, 0.231,294.11, 49.56, 21.77, 35.66,
2012,46, 0.226,292.34, 50.10, 21.64, 35.87,
2012,47, 0.223,290.58, 50.93, 22.84, 36.88,
2012,48, 0.220,289.02, 51.24, 22.78, 37.01,
2012,49, 0.216,287.32, 50.77, 24.28, 37.53,
2012,50, 0.213,285.63, 48.68, 30.78, 39.73,
2012,51, 0.214,284.49, 49.29, 35.19, 42.24,
2012,52, 0.215,283.63, 50.29, 39.69, 44.99,
2013, 1, 0.216,281.59, 47.59, 56.85, 52.23,
2013, 2, 0.220,282.00, 48.64, 55.59, 52.11,
2013, 3, 0.225,282.82, 49.55, 52.50, 51.03,
2013, 4, 0.231,285.15, 51.03, 44.22, 47.63,
2013, 5, 0.236,286.41, 51.68, 39.45, 45.57,
2013, 6, 0.241,287.44, 51.78, 37.32, 44.55,
2013, 7, 0.246,288.71, 52.22, 33.87, 43.04,
2013, 8, 0.252,289.94, 52.32, 32.14, 42.23,
2013, 9, 0.257,291.37, 51.97, 29.76, 40.87,
2013,10, 0.262,292.75, 51.27, 27.33, 39.30,
2013,11, 0.259,292.58, 46.30, 36.32, 41.31,
2013,12, 0.270,295.50, 48.67, 25.55, 37.11,
2013,13, 0.274,296.72, 48.11, 24.91, 36.51,
2013,14, 0.277,297.77, 47.63, 25.98, 36.80,
2013,15, 0.280,299.00, 47.05, 25.86, 36.46,
2013,16, 0.281,300.60, 46.25, 23.70, 34.97,
2013,17, 0.282,302.17, 45.42, 21.74, 33.58,
2013,18, 0.282,303.45, 44.51, 21.34, 32.92,
2013,19, 0.280,304.47, 43.32, 21.63, 32.47,
2013,20, 0.280,305.45, 43.00, 22.95, 32.98,
2013,21, 0.280,306.30, 42.78, 24.06, 33.42,
2013,22, 0.281,307.28, 42.44, 24.49, 33.47,
2013,23, 0.280,308.22, 40.57, 25.06, 32.81,
2013,24, 0.278,309.01, 38.45, 26.33, 32.38,
2013,25, 0.277,309.61, 36.65, 27.72, 32.18,
2013,26, 0.274,309.96, 34.97, 28.94, 31.95,
2013,27, 0.271,309.94, 33.53, 31.00, 32.26,
2013,28, 0.268,309.82, 32.06, 32.61, 32.33,
2013,29, 0.265,309.81, 31.24, 33.39, 32.30,
2013,30, 0.263,309.58, 31.22, 35.66, 33.43,
2013,31, 0.262,309.14, 31.07, 39.19, 35.15,
2013,32, 0.259,308.48, 31.05, 43.00, 37.05,
2013,33, 0.257,307.81, 31.57, 44.91, 38.27,
2013,34, 0.256,306.85, 32.10, 48.08, 40.12,
2013,35, 0.254,305.92, 32.60, 49.58, 41.13,
2013,36, 0.252,305.07, 33.58, 49.70, 41.67,
2013,37, 0.250,304.00, 34.76, 51.83, 43.33,
2013,38, 0.248,302.73, 36.32, 52.72, 44.56,
2013,39, 0.246,301.39, 37.45, 51.36, 44.43,
2013,40, 0.242,299.86, 38.10, 50.43, 44.28,
2013,41, 0.238,298.44, 38.68, 48.12, 43.42,
2013,42, 0.235,297.10, 39.89, 43.55, 41.73,
2013,43, 0.231,295.68, 41.23, 39.44, 40.33,
2013,44, 0.227,294.36, 42.86, 33.72, 38.28,
2013,45, 0.225,293.11, 45.48, 27.62, 36.55,
2013,46, 0.221,291.42, 46.46, 26.69, 36.57,
2013,47, 0.218,289.67, 47.15, 27.25, 37.19,
2013,48, 0.215,288.39, 47.67, 24.86, 36.25,
2013,49, 0.214,287.57, 48.49, 20.08, 34.27,
2013,50, 0.214,287.25, 47.90, 16.68, 32.28,
2013,51, 0.214,287.42, 48.40, 12.93, 30.66,
2013,52, 0.216,288.22, 49.20,  8.41, 28.80,
2014, 1, 0.217,289.02, 48.43,  6.22, 27.32,
2014, 2, 0.219,289.64, 48.57,  5.03, 26.80,
2014, 3, 0.220,289.87, 48.15,  5.73, 26.94,
2014, 4, 0.221,290.22, 47.71,  7.24, 27.47,
2014, 5, 0.221,290.33, 46.71, 10.57, 28.63,
2014, 6, 0.222,290.61, 45.67, 14.16, 29.91,
2014, 7, 0.225,290.97, 44.70, 17.40, 31.05,
2014, 8, 0.230,291.75, 44.53, 18.92, 31.72,
2014, 9, 0.240,292.67, 45.52, 20.60, 33.05,
2014,10, 0.250,293.75, 46.92, 20.90, 33.90,
2014,11, 0.249,293.05, 42.51, 33.75, 38.13,
2014,12, 0.263,295.74, 45.69, 24.12, 34.91,
2014,13, 0.269,297.00, 46.06, 23.09, 34.57,
2014,14, 0.274,298.11, 46.05, 23.72, 34.89,
2014,15, 0.277,299.12, 46.00, 25.04, 35.52,
2014,16, 0.279,300.38, 45.82, 24.95, 35.39,
2014,17, 0.280,301.69, 44.92, 24.82, 34.87,
2014,18, 0.280,303.04, 43.73, 23.83, 33.79,
2014,19, 0.278,304.37, 41.97, 21.92, 31.95,
2014,20, 0.277,305.81, 41.38, 19.74, 30.56,
2014,21, 0.277,307.14, 40.80, 17.08, 28.94,
2014,22, 0.276,308.08, 39.43, 17.47, 28.45,
2014,23, 0.275,308.83, 37.26, 19.44, 28.36,
2014,24, 0.273,309.57, 34.87, 20.79, 27.83,
2014,25, 0.270,309.93, 32.73, 23.73, 28.24,
2014,26, 0.268,309.96, 31.24, 27.80, 29.53,
2014,27, 0.265,309.83, 29.87, 30.89, 30.40,
2014,28, 0.262,309.79, 28.39, 32.24, 30.33,
2014,29, 0.259,309.85, 27.41, 32.64, 30.03,
2014,30, 0.256,309.63, 26.72, 34.18, 30.46,
2014,31, 0.254,309.52, 26.42, 34.35, 30.40,
2014,32, 0.252,309.29, 26.80, 34.14, 30.48,
2014,33, 0.250,309.14, 27.31, 31.42, 29.39,
2014,34, 0.249,308.80, 27.82, 29.23, 28.54,
2014,35, 0.246,308.03, 28.10, 29.61, 28.87,
2014,36, 0.245,307.31, 29.06, 28.56, 28.82,
2014,37, 0.243,306.43, 29.91, 28.09, 29.00,
2014,38, 0.241,305.25, 31.41, 28.40, 29.91,
2014,39, 0.239,303.76, 33.08, 29.54, 31.32,
2014,40, 0.237,301.83, 34.32, 33.09, 33.71,
2014,41, 0.234,300.02, 35.39, 34.94, 35.17,
2014,42, 0.229,297.99, 36.19, 36.58, 36.39,
2014,43, 0.224,295.80, 37.19, 39.19, 38.20,
2014,44, 0.220,293.96, 39.55, 38.13, 38.84,
2014,45, 0.219,292.52, 43.36, 33.86, 38.61,
2014,46, 0.215,290.87, 44.47, 32.51, 38.49,
2014,47, 0.209,289.38, 44.36, 31.02, 37.69,
2014,48, 0.202,287.60, 43.56, 32.18, 37.86,
2014,49, 0.201,286.19, 44.20, 31.28, 37.74,
2014,50, 0.204,285.27, 44.57, 32.79, 38.68,
2014,51, 0.213,284.89, 48.14, 32.11, 40.12,
2014,52, 0.223,285.08, 52.28, 30.66, 41.46,
2015, 1, 0.233,285.89, 55.23, 28.34, 41.78,
2015, 2, 0.242,286.74, 58.32, 25.15, 41.73,
2015, 3, 0.249,287.76, 60.21, 20.68, 40.45,
2015, 4, 0.257,289.15, 62.37, 15.69, 39.03,
2015, 5, 0.266,290.30, 64.61, 11.93, 38.26,
2015, 6, 0.275,291.46, 66.74,  9.50, 38.11,
2015, 7, 0.283,292.40, 67.85,  8.80, 38.31,
2015, 8, 0.288,293.45, 68.09,  8.52, 38.29,
2015, 9, 0.293,294.64, 68.08,  8.27, 38.16,
2015,10, 0.296,295.76, 67.32,  8.77, 38.03,
2015,11, 0.294,296.51, 63.30, 11.81, 37.53,
2015,12, 0.296,297.83, 61.79, 10.48, 36.13,
2015,13, 0.293,298.51, 58.24, 13.16, 35.69,
2015,14, 0.292,299.27, 55.08, 15.96, 35.51,
2015,15, 0.290,299.90, 52.31, 20.11, 36.21,
2015,16, 0.287,300.61, 49.21, 23.94, 36.57,
2015,17, 0.284,301.36, 46.22, 27.86, 37.04,
2015,18, 0.280,301.96, 43.49, 32.44, 37.97,
2015,19, 0.277,302.61, 41.20, 35.48, 38.35,
2015,20, 0.274,303.28, 39.47, 38.78, 39.13,
2015,21, 0.272,304.04, 37.97, 40.79, 39.39,
2015,22, 0.272,305.34, 36.94, 39.17, 38.06,
2015,23, 0.272,306.72, 35.50, 36.40, 35.96,
2015,24, 0.271,307.83, 33.68, 35.16, 34.43,
2015,25, 0.269,308.41, 31.86, 36.60, 34.25,
2015,26, 0.266,308.64, 29.82, 39.35, 34.60,
2015,27, 0.263,308.75, 28.57, 40.94, 34.78,
2015,28, 0.261,308.78, 27.74, 42.16, 34.99,
2015,29, 0.258,308.84, 26.98, 43.19, 35.13,
2015,30, 0.256,309.03, 26.33, 41.47, 33.94,
2015,31, 0.254,309.23, 26.16, 38.82, 32.53,
2015,32, 0.251,309.11, 26.22, 37.21, 31.75,
2015,33, 0.248,308.59, 25.91, 37.43, 31.70,
2015,34, 0.246,307.90, 26.21, 38.12, 32.19,
2015,35, 0.244,307.13, 26.21, 37.49, 31.86,
2015,36, 0.242,306.37, 27.02, 36.43, 31.73,
2015,37, 0.240,305.53, 27.68, 36.08, 31.90,
2015,38, 0.238,304.17, 28.70, 37.82, 33.27,
2015,39, 0.235,302.84, 29.82, 36.78, 33.31,
2015,40, 0.232,301.19, 30.89, 37.35, 34.13,
2015,41, 0.229,299.12, 32.18, 41.15, 36.67,
2015,42, 0.226,296.88, 33.70, 44.56, 39.13,
2015,43, 0.221,294.70, 35.55, 47.34, 41.45,
2015,44, 0.219,292.66, 38.81, 48.43, 43.63,
2015,45, 0.218,291.07, 42.88, 45.21, 44.04,
2015,46, 0.214,288.90, 44.52, 47.73, 46.13,
2015,47, 0.209,286.87, 44.87, 49.75, 47.31,
2015,48, 0.202,284.79, 44.04, 52.11, 48.08,
2015,49, 0.196,283.02, 42.90, 53.15, 48.03,
2015,50, 0.193,281.69, 40.35, 59.25, 49.81,
2015,51, 0.191,280.64, 39.60, 62.38, 51.00,
2015,52, 0.192,280.43, 39.96, 62.17, 51.07,
2016, 1, 0.194,280.79, 39.34, 62.79, 51.07,
2016, 2, 0.201,281.55, 41.91, 58.94, 50.43,
2016, 3, 0.207,282.36, 43.64, 55.61, 49.64,
2016, 4, 0.218,284.75, 46.95, 46.10, 46.54,
2016, 5, 0.227,286.18, 49.21, 40.00, 44.62,
2016, 6, 0.234,287.58, 50.56, 35.35, 42.97,
2016, 7, 0.239,288.53, 50.36, 34.59, 42.48,
2016, 8, 0.240,288.99, 48.30, 38.57, 43.44,
2016, 9, 0.239,288.94, 45.04, 46.97, 46.01,
2016,10, 0.234,288.07, 40.45, 58.27, 49.37,
2016,11, 0.270,291.49, 52.89, 44.16, 48.51,
2016,12, 0.283,294.63, 56.30, 31.59, 43.95,
2016,13, 0.286,295.77, 55.93, 31.26, 43.60,
2016,14, 0.288,296.58, 54.67, 33.89, 44.29,
2016,15, 0.288,297.42, 52.85, 36.18, 44.53,
2016,16, 0.285,298.35, 50.26, 38.44, 44.36,
2016,17, 0.285,299.31, 48.46, 41.09, 44.79,
2016,18, 0.285,300.56, 47.43, 41.16, 44.31,
2016,19, 0.283,301.73, 45.93, 40.48, 43.22,
2016,20, 0.281,303.08, 45.17, 38.73, 41.97,
2016,21, 0.280,304.27, 43.62, 37.64, 40.64,
2016,22, 0.280,305.59, 42.66, 36.14, 39.41,
2016,23, 0.280,306.88, 41.20, 34.51, 37.87,
2016,24, 0.279,307.98, 39.12, 33.54, 36.34,
2016,25, 0.278,308.83, 37.88, 33.20, 35.55,
2016,26, 0.277,309.39, 37.10, 33.52, 35.33,
2016,27, 0.275,309.63, 36.36, 34.29, 35.35,
2016,28, 0.272,309.71, 34.89, 34.54, 34.74,
2016,29, 0.270,309.95, 34.66, 33.40, 34.05,
2016,30, 0.267,309.84, 33.89, 34.21, 34.07,
2016,31, 0.264,309.79, 33.07, 33.26, 33.19,
2016,32, 0.260,309.67, 32.47, 31.44, 31.98,
2016,33, 0.257,309.07, 31.93, 33.12, 32.55,
2016,34, 0.254,308.43, 31.80, 34.54, 33.22,
2016,35, 0.252,307.66, 31.76, 35.30, 33.57,
2016,36, 0.249,306.72, 32.06, 36.51, 34.33,
2016,37, 0.247,305.51, 32.40, 39.09, 35.78,
2016,38, 0.245,304.06, 33.56, 41.45, 37.53,
2016,39, 0.242,302.63, 34.49, 41.24, 37.89,
2016,40, 0.237,300.73, 34.11, 44.02, 39.08,
2016,41, 0.233,298.81, 34.25, 46.50, 40.39,
2016,42, 0.230,296.97, 35.81, 46.36, 41.10,
2016,43, 0.225,295.13, 37.39, 45.92, 41.66,
2016,44, 0.222,293.49, 40.15, 42.92, 41.54,
2016,45, 0.223,292.24, 44.44, 36.84, 40.64,
2016,46, 0.219,289.98, 45.68, 40.33, 43.00,
2016,47, 0.215,287.84, 46.21, 43.53, 44.87,
2016,48, 0.211,285.90, 46.27, 44.95, 45.61,
2016,49, 0.208,284.03, 46.34, 46.70, 46.52,
2016,50, 0.206,282.58, 44.23, 53.52, 48.87,
2016,51, 0.205,281.50, 43.67, 56.84, 50.25,
2016,52, 0.207,280.92, 44.24, 58.73, 51.48,
2017, 1, 0.207,280.50, 42.64, 64.38, 53.51,
2017, 2, 0.208,280.40, 42.58, 66.15, 54.36,
2017, 3, 0.210,280.90, 42.94, 64.90, 53.92,
2017, 4, 0.215,283.10, 43.94, 57.78, 50.86,
2017, 5, 0.221,284.16, 45.27, 54.06, 49.67,
2017, 6, 0.229,285.25, 47.25, 51.30, 49.28,
2017, 7, 0.237,286.47, 49.06, 47.96, 48.52,
2017, 8, 0.246,287.69, 50.37, 46.07, 48.23,
2017, 9, 0.255,288.97, 52.14, 44.93, 48.54,
2017,10, 0.263,290.21, 53.58, 42.83, 48.21,
2017,11, 0.261,289.30, 49.28, 56.91, 53.10,
2017,12, 0.275,292.81, 53.20, 42.37, 47.79,
2017,13, 0.281,293.98, 53.88, 41.87, 47.89,
2017,14, 0.284,294.96, 53.38, 43.47, 48.44,
2017,15, 0.286,296.08, 52.93, 43.77, 48.37,
2017,16, 0.287,297.31, 52.42, 44.05, 48.25,
2017,17, 0.288,298.64, 51.86, 44.36, 48.12,
2017,18, 0.289,299.90, 51.08, 44.87, 47.99,
2017,19, 0.288,301.29, 50.57, 42.98, 46.79,
2017,20, 0.288,302.79, 50.45, 40.14, 45.30,
2017,21, 0.287,303.97, 49.20, 39.36, 44.29,
2017,22, 0.287,305.21, 48.26, 38.68, 43.48,
2017,23, 0.286,306.52, 46.59, 37.02, 41.82,
2017,24, 0.286,307.72, 44.54, 35.13, 39.86,
2017,25, 0.284,308.62, 42.90, 34.19, 38.57,
2017,26, 0.282,309.03, 41.51, 35.56, 38.57,
2017,27, 0.280,309.28, 40.34, 35.76, 38.08,
2017,28, 0.277,309.24, 38.97, 36.54, 37.78,
2017,29, 0.273,308.96, 37.40, 39.57, 38.51,
2017,30, 0.270,308.61, 36.36, 42.49, 39.46,
2017,31, 0.268,308.36, 36.15, 44.06, 40.15,
2017,32, 0.265,308.07, 35.69, 44.44, 40.11,
2017,33, 0.261,307.66, 35.17, 44.45, 39.87,
2017,34, 0.258,306.75, 34.70, 48.00, 41.41,
2017,35, 0.255,305.69, 34.21, 51.47, 42.90,
2017,36, 0.253,304.79, 34.94, 52.51, 43.78,
2017,37, 0.251,303.82, 35.97, 53.80, 44.94,
2017,38, 0.249,302.48, 37.46, 55.16, 46.36,
2017,39, 0.247,301.20, 39.18, 53.38, 46.32,
2017,40, 0.244,300.04, 39.75, 49.48, 44.64,
2017,41, 0.239,299.07, 39.74, 43.57, 41.68,
2017,42, 0.233,297.69, 39.30, 39.77, 39.55,
2017,43, 0.227,296.06, 39.95, 37.66, 38.82,
2017,44, 0.226,294.19, 43.81, 36.87, 40.35,
2017,45, 0.223,292.91, 46.07, 31.46, 38.76,
2017,46, 0.218,291.41, 46.57, 29.18, 37.87,
2017,47, 0.213,289.89, 46.86, 28.23, 37.54,
2017,48, 0.211,288.64, 47.37, 25.41, 36.39,
2017,49, 0.209,287.58, 48.06, 22.45, 35.25,
2017,50, 0.210,287.22, 47.83, 20.03, 33.93,
2017,51, 0.210,286.82, 47.94, 19.93, 33.93,
2017,52, 0.212,286.35, 47.63, 23.67, 35.65,
2018, 1, 0.211,286.00, 47.62, 23.84, 35.73,
2018, 2, 0.212,285.96, 47.98, 26.68, 37.33,
2018, 3, 0.217,286.36, 48.70, 27.95, 38.33,
2018, 4, 0.224,287.37, 50.66, 25.42, 38.05,
2018, 5, 0.230,287.87, 51.89, 24.92, 38.41,
2018, 6, 0.236,288.51, 51.97, 28.48, 40.23,
2018, 7, 0.240,288.96, 51.91, 31.28, 41.61,
2018, 8, 0.242,288.99, 50.58, 35.96, 43.29,
2018, 9, 0.244,289.10, 48.36, 43.93, 46.17,
2018,10, 0.248,289.83, 47.04, 47.22, 47.16,
2018,11, 0.245,288.96, 41.77, 62.74, 52.29,
2018,12, 0.260,292.75, 45.22, 45.85, 45.57,
2018,13, 0.267,294.16, 45.88, 42.32, 44.13,
2018,14, 0.273,295.39, 46.48, 40.52, 43.52,
2018,15, 0.277,296.89, 47.00, 40.12, 43.59,
2018,16, 0.281,298.59, 47.24, 38.32, 42.80,
2018,17, 0.283,299.99, 47.26, 36.05, 41.67,
2018,18, 0.284,301.23, 46.68, 36.29, 41.50,
2018,19, 0.284,302.42, 45.99, 35.54, 40.79,
2018,20, 0.284,303.66, 46.20, 34.58, 40.41,
2018,21, 0.284,304.69, 45.68, 34.56, 40.15,
2018,22, 0.284,305.77, 44.95, 34.88, 39.95,
2018,23, 0.284,307.04, 43.65, 33.27, 38.49,
2018,24, 0.284,308.32, 41.95, 30.70, 36.35,
2018,25, 0.282,309.15, 40.08, 30.33, 35.24,
2018,26, 0.279,309.68, 38.24, 30.35, 34.33,
2018,27, 0.276,309.73, 36.60, 31.85, 34.26,
2018,28, 0.272,309.49, 34.64, 34.09, 34.39,
2018,29, 0.268,309.46, 33.19, 34.66, 33.94,
2018,30, 0.265,309.55, 32.05, 33.17, 32.61,
2018,31, 0.261,309.54, 31.16, 32.29, 31.72,
2018,32, 0.259,309.33, 30.87, 32.08, 31.48,
2018,33, 0.256,309.03, 31.03, 31.30, 31.17,
2018,34, 0.255,308.27, 31.54, 33.72, 32.65,
2018,35, 0.253,307.29, 32.31, 36.73, 34.55,
2018,36, 0.252,306.54, 33.86, 36.38, 35.16,
2018,37, 0.251,305.63, 34.93, 36.98, 35.99,
2018,38, 0.248,304.16, 36.11, 39.71, 37.95,
2018,39, 0.246,302.42, 37.57, 42.09, 39.87,
2018,40, 0.243,300.52, 38.40, 44.33, 41.40,
2018,41, 0.239,298.76, 38.85, 45.15, 42.03,
2018,42, 0.234,297.01, 39.27, 44.12, 41.72,
2018,43, 0.229,295.47, 40.23, 40.91, 40.59,
2018,44, 0.224,294.08, 41.85, 35.83, 38.85,
2018,45, 0.220,292.73, 43.74, 30.74, 37.24,
2018,46, 0.214,290.74, 44.32, 32.33, 38.33,
2018,47, 0.209,288.74, 44.35, 34.86, 39.60,
2018,48, 0.204,286.86, 44.06, 36.49, 40.27,
2018,49, 0.202,285.33, 44.74, 36.32, 40.52,
2018,50, 0.203,284.39, 44.62, 38.66, 41.63,
2018,51, 0.207,283.69, 46.15, 39.79, 42.97,
2018,52, 0.210,282.87, 47.39, 44.74, 46.06,
2019, 1, 0.211,282.25, 46.58, 52.12, 49.35,
2019, 2, 0.215,282.12, 47.82, 54.63, 51.23,
2019, 3, 0.216,281.99, 47.43, 57.95, 52.70,
2019, 4, 0.218,283.10, 47.29, 58.79, 53.05,
2019, 5, 0.222,283.31, 47.84, 61.35, 54.61,
2019, 6, 0.225,283.59, 47.52, 64.15, 55.85,
2019, 7, 0.228,283.89, 46.79, 67.48, 57.15,
2019, 8, 0.233,284.57, 46.17, 69.53, 57.88,
2019, 9, 0.240,285.72, 46.51, 69.21, 57.88,
2019,10, 0.250,287.27, 48.37, 63.95, 56.19,
2019,11, 0.249,286.65, 44.29, 75.62, 59.98,
2019,12, 0.265,290.45, 48.61, 59.00, 53.83,
2019,13, 0.271,291.76, 49.41, 57.54, 53.50,
2019,14, 0.275,292.84, 49.38, 58.72, 54.08,
2019,15, 0.279,293.97, 49.91, 58.98, 54.48,
2019,16, 0.283,295.57, 50.81, 56.95, 53.91,
2019,17, 0.286,297.21, 51.38, 55.22, 53.33,
2019,18, 0.287,298.40, 50.96, 56.17, 53.59,
2019,19, 0.286,299.21, 49.62, 58.53, 54.10,
2019,20, 0.284,299.94, 48.87, 61.10, 55.01,
2019,21, 0.283,300.86, 47.58, 62.53, 55.09,
2019,22, 0.284,302.21, 47.41, 61.83, 54.66,
2019,23, 0.287,303.85, 47.55, 58.32, 52.97,
2019,24, 0.288,305.29, 46.48, 55.24, 50.91,
2019,25, 0.289,306.47, 45.62, 52.78, 49.26,
2019,26, 0.288,307.26, 44.95, 51.81, 48.45,
2019,27, 0.286,307.70, 43.88, 51.98, 48.03,
2019,28, 0.284,308.08, 42.90, 50.80, 46.96,
2019,29, 0.283,308.42, 43.34, 48.98, 46.26,
2019,30, 0.281,308.68, 43.66, 46.63, 45.25,
2019,31, 0.279,308.95, 43.63, 43.41, 43.61,
2019,32, 0.277,308.90, 43.89, 41.32, 42.69,
2019,33, 0.275,308.60, 44.00, 39.77, 41.96,
2019,34, 0.272,308.14, 44.01, 38.91, 41.53,
2019,35, 0.269,307.42, 44.03, 38.92, 41.54,
2019,36, 0.267,306.35, 44.33, 40.58, 42.52,
2019,37, 0.264,305.18, 44.67, 42.12, 43.44,
2019,38, 0.261,303.76, 45.64, 43.48, 44.61,
2019,39, 0.257,302.24, 46.06, 43.79, 44.96,
2019,40, 0.253,300.86, 45.92, 41.86, 43.92,
2019,41, 0.248,299.40, 46.13, 39.93, 43.06,
2019,42, 0.242,297.60, 45.46, 39.28, 42.39,
2019,43, 0.236,296.09, 45.36, 35.58, 40.48,
2019,44, 0.232,294.89, 46.93, 28.87, 37.90,
2019,45, 0.228,293.47, 48.62, 24.42, 36.52,
2019,46, 0.221,291.13, 48.38, 28.85, 38.61,
2019,47, 0.216,288.66, 48.20, 34.98, 41.59,
2019,48, 0.210,286.20, 47.34, 41.11, 44.22,
2019,49, 0.204,283.89, 46.35, 46.82, 46.58,
2019,50, 0.204,282.73, 45.28, 51.56, 48.42,
2019,51, 0.209,282.30, 47.83, 50.36, 49.09,
2019,52, 0.214,282.07, 50.21, 50.88, 50.55,
2020, 1, 0.218,282.53, 50.63, 51.01, 50.82,
2020, 2, 0.224,283.10, 52.91, 48.82, 50.87,
2020, 3, 0.230,283.74, 54.87, 46.69, 50.79,
2020, 4, 0.239,285.85, 57.34, 38.88, 48.11,
2020, 5, 0.248,287.26, 59.60, 33.20, 46.41,
2020, 6, 0.255,288.47, 60.61, 30.19, 45.40,
2020, 7, 0.261,289.48, 60.75, 28.77, 44.76,
2020, 8, 0.266,290.50, 60.74, 28.81, 44.78,
2020, 9, 0.271,291.17, 60.33, 32.58, 46.46,
2020,10, 0.273,291.47, 58.63, 37.85, 48.25,
2020,11, 0.268,290.21, 53.00, 53.81, 53.43,
2020,12, 0.279,292.69, 55.29, 45.41, 50.37,
2020,13, 0.283,293.53, 54.81, 46.93, 50.89,
2020,14, 0.285,294.42, 54.13, 49.28, 51.72,
2020,15, 0.289,295.62, 54.52, 49.07, 51.82,
2020,16, 0.292,297.44, 55.17, 45.07, 50.14,
2020,17, 0.294,299.21, 54.94, 42.13, 48.55,
2020,18, 0.294,300.51, 54.18, 42.08, 48.14,
2020,19, 0.293,301.81, 53.09, 40.51, 46.82,
2020,20, 0.291,303.11, 52.06, 39.15, 45.63,
2020,21, 0.291,304.20, 51.29, 38.93, 45.14,
2020,22, 0.291,305.35, 50.62, 38.84, 44.76,
2020,23, 0.291,306.61, 48.87, 37.43, 43.19,
2020,24, 0.290,307.66, 46.95, 36.94, 41.99,
2020,25, 0.289,308.55, 45.56, 36.20, 40.93,
2020,26, 0.286,309.27, 44.24, 34.84, 39.60,
2020,27, 0.284,309.58, 42.73, 35.04, 38.95,
2020,28, 0.280,309.89, 41.08, 33.62, 37.42,
2020,29, 0.277,310.37, 40.39, 30.39, 35.46,
2020,30, 0.274,310.67, 39.80, 27.51, 33.71,
2020,31, 0.269,310.60, 37.71, 27.24, 32.52,
2020,32, 0.264,310.33, 36.13, 26.95, 31.59,
2020,33, 0.261,310.18, 35.70, 24.06, 29.91,
2020,34, 0.256,309.87, 33.84, 21.25, 27.57,
2020,35, 0.250,309.23, 31.94, 19.84, 25.90,
2020,36, 0.247,308.56, 31.59, 18.08, 24.85,
2020,37, 0.243,307.80, 31.52, 16.38, 23.96,
2020,38, 0.240,306.81, 31.97, 14.79, 23.39,
2020,39, 0.238,305.58, 33.08, 13.54, 23.32,
2020,40, 0.235,304.01, 34.50, 13.97, 24.24,
2020,41, 0.233,302.35, 36.08, 14.51, 25.30,
2020,42, 0.230,300.37, 38.31, 15.55, 26.94,
2020,43, 0.227,298.21, 40.90, 17.08, 29.00,
2020,44, 0.223,295.91, 42.68, 20.02, 31.35,
2020,45, 0.221,294.03, 45.76, 20.02, 32.89,
2020,46, 0.218,292.05, 47.51, 22.05, 34.78,
2020,47, 0.214,290.40, 48.02, 22.30, 35.16,
2020,48, 0.210,289.10, 48.30, 20.39, 34.34,
2020,49, 0.209,288.02, 49.13, 17.80, 33.46,
2020,50, 0.207,286.98, 47.81, 20.15, 33.98,
2020,51, 0.205,286.07, 47.01, 23.99, 35.49,
2020,52, 0.206,285.84, 47.34, 25.62, 36.47,
2021, 1, 0.206,285.72, 46.09, 29.14, 37.61,
2021, 2, 0.208,285.57, 46.35, 32.25, 39.30,
2021, 3, 0.211,285.85, 46.78, 32.54, 39.66,
2021, 4, 0.214,286.86, 47.07, 31.14, 39.10,
2021, 5, 0.217,287.22, 46.76, 32.91, 39.84,
2021, 6, 0.222,287.88, 46.88, 33.53, 40.21,
2021, 7, 0.229,288.84, 47.23, 32.25, 39.75,
2021, 8, 0.235,289.89, 47.03, 31.87, 39.46,
2021, 9, 0.241,290.83, 46.88, 33.31, 40.11,
2021,10, 0.248,291.96, 47.07, 32.70, 39.91,
2021,11, 0.246,291.51, 41.86, 43.54, 42.72,
2021,12, 0.258,294.71, 44.07, 30.51, 37.30,
2021,13, 0.264,296.72, 44.02, 24.11, 34.07,
2021,14, 0.268,298.32, 43.42, 21.21, 32.33,
2021,15, 0.270,299.60, 42.96, 20.69, 31.84,
2021,16, 0.272,301.03, 42.54, 19.51, 31.03,
2021,17, 0.274,302.28, 41.71, 19.89, 30.80,
2021,18, 0.275,303.33, 41.11, 21.23, 31.17,
2021,19, 0.275,304.35, 40.79, 21.74, 31.28,
2021,20, 0.275,305.36, 40.66, 22.92, 31.80,
2021,21, 0.275,306.23, 40.08, 23.84, 31.98,
2021,22, 0.275,307.08, 39.34, 25.13, 32.25,
2021,23, 0.275,307.95, 37.74, 26.02, 31.89,
2021,24, 0.274,308.79, 35.57, 26.57, 31.08,
2021,25, 0.272,309.50, 33.75, 26.55, 30.17,
2021,26, 0.269,310.01, 32.26, 26.14, 29.20,
2021,27, 0.266,310.00, 30.45, 27.64, 29.04,
2021,28, 0.262,309.92, 28.77, 28.71, 28.73,
2021,29, 0.259,310.03, 27.97, 28.43, 28.19,
2021,30, 0.256,310.12, 26.93, 26.94, 26.92,
2021,31, 0.253,310.17, 26.19, 25.53, 25.86,
2021,32, 0.251,310.03, 26.01, 24.72, 25.36,
2021,33, 0.248,309.79, 25.88, 23.41, 24.64,
2021,34, 0.246,309.41, 26.00, 21.89, 23.95,
2021,35, 0.244,308.66, 26.43, 22.48, 24.46,
2021,36, 0.242,307.76, 27.54, 23.52, 25.54,
2021,37, 0.240,306.68, 28.28, 25.30, 26.81,
2021,38, 0.239,305.16, 29.66, 29.15, 29.43,
2021,39, 0.237,303.33, 31.25, 33.32, 32.30,
2021,40, 0.234,301.25, 32.39, 38.02, 35.22,
2021,41, 0.232,299.11, 34.14, 42.67, 38.42,
2021,42, 0.230,297.25, 36.46, 43.04, 39.77,
2021,43, 0.226,295.74, 38.88, 39.89, 39.40,
2021,44, 0.224,294.29, 41.86, 35.67, 38.77,
2021,45, 0.223,293.30, 45.90, 27.76, 36.83,
2021,46, 0.220,291.89, 47.57, 24.63, 36.10,
2021,47, 0.218,290.48, 48.99, 22.84, 35.92,
2021,48, 0.217,289.04, 50.13, 21.73, 35.92,
2021,49, 0.214,287.19, 49.98, 24.38, 37.18,
2021,50, 0.210,285.50, 47.43, 31.73, 39.58,
2021,51, 0.207,284.23, 46.26, 37.16, 41.71,
2021,52, 0.209,283.88, 46.70, 38.69, 42.70,
2022, 1, 0.213,284.59, 46.99, 36.30, 41.65,
2022, 2, 0.220,285.25, 49.75, 33.73, 41.74,
2022, 3, 0.228,286.18, 51.93, 29.57, 40.76,
2022, 4, 0.235,287.87, 54.05, 23.19, 38.62,
2022, 5, 0.242,288.80, 55.40, 21.06, 38.23,
2022, 6, 0.248,289.97, 55.99, 18.24, 37.12,
2022, 7, 0.253,290.97, 55.87, 16.81, 36.34,
2022, 8, 0.257,292.04, 55.56, 16.30, 35.94,
2022, 9, 0.263,293.13, 55.36, 16.62, 36.00,
2022,10, 0.265,293.99, 54.09, 18.59, 36.35,
2022,11, 0.260,294.10, 48.35, 25.94, 37.16,
2022,12, 0.270,296.48, 49.86, 18.41, 34.14,
2022,13, 0.270,297.41, 47.38, 19.74, 33.57,
2022,14, 0.269,298.20, 44.67, 22.66, 33.68,
2022,15, 0.269,299.04, 42.72, 25.28, 34.02,
2022,16, 0.268,299.85, 40.85, 28.69, 34.79,
2022,17, 0.268,300.63, 39.26, 32.64, 35.97,
2022,18, 0.269,301.87, 38.37, 32.75, 35.58,
2022,19, 0.270,303.24, 38.18, 30.49, 34.35,
2022,20, 0.270,304.46, 38.33, 29.83, 34.10,
2022,21, 0.271,305.42, 37.96, 30.38, 34.20,
2022,22, 0.272,306.45, 37.52, 30.99, 34.28,
2022,23, 0.273,307.39, 36.04, 31.85, 33.97,
2022,24, 0.274,308.26, 34.86, 32.53, 33.72,
2022,25, 0.274,308.91, 34.10, 33.09, 33.62,
2022,26, 0.273,309.35, 33.57, 32.99, 33.31,
2022,27, 0.271,309.46, 33.14, 33.26, 33.22,
2022,28, 0.269,309.45, 32.69, 33.59, 33.16,
2022,29, 0.268,309.43, 32.79, 34.21, 33.51,
2022,30, 0.262,309.09, 30.13, 35.64, 32.89,
2022,31, 0.260,308.96, 29.75, 35.00, 32.39,
2022,32, 0.258,308.62, 30.18, 35.33, 32.77,
2022,33, 0.256,308.48, 30.81, 32.50, 31.67,
2022,34, 0.255,308.15, 31.08, 30.02, 30.56,
2022,35, 0.252,307.53, 31.00, 29.16, 30.08,
2022,36, 0.249,306.83, 31.48, 28.80, 30.14,
2022,37, 0.247,305.85, 32.02, 30.95, 31.50,
2022,38, 0.245,304.54, 33.10, 33.41, 33.28,
2022,39, 0.242,303.08, 33.59, 34.58, 34.11,
2022,40, 0.238,301.52, 34.04, 34.72, 34.40,
2022,41, 0.235,299.92, 35.13, 34.69, 34.92,
2022,42, 0.230,297.72, 35.83, 37.82, 36.84,
2022,43, 0.223,294.96, 35.84, 45.59, 40.72,
2022,44, 0.216,292.25, 36.28, 52.38, 44.34,
2022,45, 0.211,290.16, 38.15, 53.10, 45.63,
2022,46, 0.203,288.26, 38.31, 52.77, 45.55,
2022,47, 0.197,286.47, 38.35, 52.49, 45.43,
2022,48, 0.191,284.61, 37.63, 53.00, 45.32,
2022,49, 0.187,283.09, 37.05, 52.09, 44.58,
2022,50, 0.187,282.38, 35.94, 53.28, 44.62,
2022,51, 0.186,281.45, 35.78, 55.79, 45.79,
2022,52, 0.187,280.74, 36.25, 59.37, 47.82,
2023, 1, 0.190,280.64, 35.98, 63.69, 49.85,
2023, 2, 0.199,281.09, 39.32, 61.64, 50.49,
2023, 3, 0.206,281.32, 41.42, 62.27, 51.86,
2023, 4, 0.213,282.99, 43.20, 58.77, 51.01,
2023, 5, 0.219,283.87, 44.26, 56.39, 50.35,
2023, 6, 0.223,284.53, 43.98, 56.48, 50.24,
2023, 7, 0.225,284.84, 42.47, 59.61, 51.06,
2023, 8, 0.225,285.17, 39.92, 64.04, 52.00,
2023, 9, 0.225,285.51, 37.10, 69.45, 53.30,
2023,10, 0.225,285.84, 34.53, 72.54, 53.56,
2023,11, 0.222,284.80, 29.14, 87.45, 58.31,
2023,12,-1.000, -1.00, -1.00, -1.00, -1.00,
2023,13,-1.000, -1.00, -1.00, -1.00, -1.00,
2023,14,-1.000, -1.00, -1.00, -1.00, -1.00,
2023,15,-1.000, -1.00, -1.00, -1.00, -1.00,
2023,16,-1.000, -1.00, -1.00, -1.00, -1.00,
2023,17,-1.000, -1.00, -1.00, -1.00, -1.00,
2023,18,-1.000, -1.00, -1.00, -1.00, -1.00,
2023,19,-1.000, -1.00, -1.00, -1.00, -1.00,
2023,20,-1.000, -1.00, -1.00, -1.00, -1.00,
2023,21,-1.000, -1.00, -1.00, -1.00, -1.00,
2023,22,-1.000, -1.00, -1.00, -1.00, -1.00,
2023,23,-1.000, -1.00, -1.00, -1.00, -1.00,
2023,24,-1.000, -1.00, -1.00, -1.00, -1.00,
2023,25,-1.000, -1.00, -1.00, -1.00, -1.00,
2023,26,-1.000, -1.00, -1.00, -1.00, -1.00,
2023,27,-1.000, -1.00, -1.00, -1.00, -1.00,
2023,28,-1.000, -1.00, -1.00, -1.00, -1.00,
2023,29,-1.000, -1.00, -1.00, -1.00, -1.00,
2023,30,-1.000, -1.00, -1.00, -1.00, -1.00,
2023,31,-1.000, -1.00, -1.00, -1.00, -1.00,
2023,32,-1.000, -1.00, -1.00, -1.00, -1.00,
2023,33,-1.000, -1.00, -1.00, -1.00, -1.00,
2023,34,-1.000, -1.00, -1.00, -1.00, -1.00,
2023,35,-1.000, -1.00, -1.00, -1.00, -1.00,
2023,36,-1.000, -1.00, -1.00, -1.00, -1.00,
2023,37,-1.000, -1.00, -1.00, -1.00, -1.00,
2023,38,-1.000, -1.00, -1.00, -1.00, -1.00,
2023,39,-1.000, -1.00, -1.00, -1.00, -1.00,
2023,40,-1.000, -1.00, -1.00, -1.00, -1.00,
2023,41,-1.000, -1.00, -1.00, -1.00, -1.00,
2023,42,-1.000, -1.00, -1.00, -1.00, -1.00,
2023,43,-1.000, -1.00, -1.00, -1.00, -1.00,
2023,44,-1.000, -1.00, -1.00, -1.00, -1.00,
2023,45,-1.000, -1.00, -1.00, -1.00, -1.00,
2023,46,-1.000, -1.00, -1.00, -1.00, -1.00,
2023,47,-1.000, -1.00, -1.00, -1.00, -1.00,
2023,48,-1.000, -1.00, -1.00, -1.00, -1.00,
2023,49,-1.000, -1.00, -1.00, -1.00, -1.00,
2023,50,-1.000, -1.00, -1.00, -1.00, -1.00,
2023,51,-1.000, -1.00, -1.00, -1.00, -1.00,
2023,52,-1.000, -1.00, -1.00, -1.00, -1.00,
